linelist	teff	tefferr	logg	loggerr	feh	feherr	vt	vterr	loggastero	dloggastero	loggLC	dloggLC	convergence	fixteff	fixlogg	fixfeh	fixvt	outlier	weights	model	refine	EPcrit	RWcrit	ABdiffcrit
HD199289	5806	49	4.36	0.05	-0.99	0.03	0.65	0.14	4.20	0.05	4.30	0.05	True	False	False	False	False	allOnce	null	kurucz95	True	0.0003	0.001	0.0033
HD199868	6137	28	4.35	0.05	-0.11	0.02	1.24	0.04	4.06	0.05	4.14	0.05	True	False	False	False	False	allOnce	null	kurucz95	True	0.0003	0.001	0.0033
HD200083	4872	89	4.42	0.25	-0.06	0.06	0.52	0.38	4.62	0.25	4.78	0.25	True	False	False	False	False	allOnce	null	kurucz95	True	0.0003	0.001	0.0033
HD200143	5135	58	4.48	0.18	0.04	0.03	0.97	0.12	4.58	0.18	4.72	0.18	True	False	False	False	False	allOnce	null	kurucz95	True	0.0003	0.001	0.0033
HD200349	4766	60	4.30	0.14	-0.27	0.03	0.38	0.31	4.55	0.14	4.71	0.14	True	False	False	False	False	allOnce	null	kurucz95	True	0.0003	0.001	0.0033
HD200538	6074	19	4.40	0.05	0.11	0.02	1.23	0.03	4.14	0.05	4.21	0.05	True	False	False	False	False	allOnce	null	kurucz95	True	0.0003	0.001	0.0033
HD200633	5816	26	4.43	0.06	0.05	0.02	0.97	0.04	4.27	0.06	4.36	0.06	True	False	False	False	False	allOnce	null	kurucz95	True	0.0003	0.001	0.0033
HD201161	4913	101	4.30	0.21	0.06	0.05	0.28	0.62	4.49	0.21	4.64	0.22	True	False	False	False	False	allOnce	null	kurucz95	True	0.0003	0.001	0.0033
HD201422	5881	44	4.59	0.08	-0.1	0.03	1.05	0.07	4.40	0.08	4.49	0.08	True	False	False	False	False	allOnce	null	kurucz95	True	0.0003	0.001	0.0033
HD201496	5978	32	4.39	0.04	-0.01	0.02	1.05	0.04	4.16	0.04	4.25	0.04	True	False	False	False	False	allOnce	null	kurucz95	True	0.0003	0.001	0.0033
HD2014  	5084	61	4.40	0.15	-0.02	0.04	0.49	0.19	4.52	0.15	4.67	0.15	True	False	False	False	False	allOnce	null	kurucz95	True	0.0003	0.001	0.0033
HD202209	5991	37	4.62	0.03	-0.0	0.03	1.13	0.06	4.39	0.03	4.47	0.03	True	False	False	False	False	allOnce	null	kurucz95	True	0.0003	0.001	0.0033
HD202389	4740	75	4.40	0.21	-0.20	0.07	0.00	3.42	4.66	0.21	4.82	0.21	True	False	False	False	False	allOnce	null	kurucz95	True	0.0003	0.001	0.0033
HD202819	4852	99	4.46	0.37	-0.21	0.06	0.62	0.33	4.67	0.37	4.83	0.37	True	False	False	False	False	allOnce	null	kurucz95	True	0.0003	0.001	0.0033
HD202871	6050	20	4.52	0.05	-0.08	0.01	1.01	0.03	4.27	0.05	4.35	0.05	True	False	False	False	False	allOnce	null	kurucz95	True	0.0003	0.001	0.0033
HD203335	6254	34	4.47	0.06	-0.01	0.02	1.22	0.05	4.14	0.06	4.20	0.06	True	False	False	False	False	allOnce	null	kurucz95	True	0.0003	0.001	0.0033
HD203771	4981	127	4.31	0.20	0.18	0.08	0.39	0.53	4.47	0.21	4.62	0.21	True	False	False	False	False	allOnce	null	kurucz95	True	0.0003	0.001	0.0033
HD203897	5206	33	4.41	0.07	-0.13	0.02	0.47	0.11	4.48	0.07	4.62	0.07	True	False	False	False	False	allOnce	null	kurucz95	True	0.0003	0.001	0.0033
HD204287	5725	16	4.09	0.02	-0.04	0.01	1.05	0.02	3.96	0.02	4.06	0.02	True	False	False	False	False	allOnce	null	kurucz95	True	0.0003	0.001	0.0033
HD20492 	4820	115	4.31	0.24	0.09	0.06	0.33	0.67	4.54	0.24	4.70	0.25	True	False	False	False	False	allOnce	null	kurucz95	True	0.0003	0.001	0.0033
HD205294	6363	35	4.18	0.04	-0.22	0.02	1.58	0.05	3.80	0.04	3.86	0.04	True	False	False	False	False	allOnce	null	kurucz95	True	0.0003	0.001	0.0033
HD205591	6572	67	4.77	0.06	-0.07	0.04	1.83	0.11	4.31	0.07	4.36	0.07	True	False	False	False	False	allOnce	null	kurucz95	True	0.0003	0.001	0.0033
HD206116	6208	38	4.53	0.08	0.27	0.03	1.27	0.04	4.22	0.08	4.28	0.08	True	False	False	False	False	allOnce	null	kurucz95	True	0.0003	0.001	0.0033
HD206630	4880	50	4.35	0.15	-0.41	0.03	0.46	0.20	4.55	0.15	4.71	0.15	True	False	False	False	False	allOnce	null	kurucz95	True	0.0003	0.001	0.0033
HD207190	6159	37	4.26	0.04	-0.4	0.02	1.37	0.05	3.96	0.04	4.04	0.04	True	False	False	False	False	allOnce	null	kurucz95	True	0.0003	0.001	0.0033
HD207699	4901	70	4.32	0.16	-0.07	0.04	0.55	0.24	4.51	0.16	4.67	0.16	True	False	False	False	False	allOnce	null	kurucz95	True	0.0003	0.001	0.0033
HD207832	5735	26	4.45	0.04	0.16	0.02	0.84	0.04	4.32	0.04	4.42	0.04	True	False	False	False	False	allOnce	null	kurucz95	True	0.0003	0.001	0.0033
HD208068	6010	29	4.62	0.03	-0.35	0.02	1.01	0.05	4.38	0.03	4.46	0.03	True	False	False	False	False	allOnce	null	kurucz95	True	0.0003	0.001	0.0033
HD20852 	6835	61	4.64	0.05	-0.3	0.04	2.02	0.15	4.08	0.06	4.11	0.06	True	False	False	False	False	allOnce	null	kurucz95	True	0.0003	0.001	0.0033
HD208672	5949	35	4.50	0.07	0.16	0.03	0.99	0.05	4.29	0.07	4.37	0.07	True	False	False	False	False	allOnce	null	kurucz95	True	0.0003	0.001	0.0033
HD20868 	4925	159	4.38	0.41	0.13	0.10	0.41	0.57	4.56	0.41	4.72	0.42	False	False	False	False	False	allOnce	null	kurucz95	True	0.001	0.003	0.01
HD208   	5889	26	4.39	0.05	-0.31	0.02	1.02	0.04	4.20	0.05	4.29	0.05	True	False	False	False	False	allOnce	null	kurucz95	True	0.0003	0.001	0.0033
HD209449	5847	29	4.13	0.04	0.42	0.02	1.18	0.03	3.96	0.04	4.05	0.04	True	False	False	False	False	allOnce	null	kurucz95	True	0.0003	0.001	0.0033
HD209566	5548	30	4.38	0.06	0.16	0.02	0.79	0.05	4.32	0.06	4.43	0.06	True	False	False	False	False	allOnce	null	kurucz95	True	0.0003	0.001	0.0033
HD210272	5724	23	4.08	0.04	-0.19	0.02	1.14	0.03	3.95	0.04	4.05	0.04	True	False	False	False	False	allOnce	null	kurucz95	True	0.0003	0.001	0.0033
HD210320	5651	22	4.30	0.06	0.18	0.02	0.88	0.04	4.20	0.06	4.31	0.06	True	False	False	False	False	allOnce	null	kurucz95	True	0.0003	0.001	0.0033
HD210329	4999	54	4.35	0.11	-0.1	0.04	0.33	0.26	4.51	0.11	4.66	0.11	True	False	False	False	False	allOnce	null	kurucz95	True	0.0003	0.001	0.0033
HD210507	5047	53	4.35	0.14	0.09	0.03	0.78	0.14	4.49	0.14	4.63	0.14	True	False	False	False	False	allOnce	null	kurucz95	True	0.0003	0.001	0.0033
HD210573	4938	107	4.49	0.34	-0.01	0.08	0.47	0.38	4.67	0.34	4.82	0.34	True	False	False	False	False	allOnce	null	kurucz95	True	0.0003	0.001	0.0033
HD211188	5072	53	4.42	0.13	-0.11	0.03	0.53	0.16	4.55	0.13	4.69	0.13	True	False	False	False	False	allOnce	null	kurucz95	True	0.0003	0.001	0.0033
HD211317	5979	26	4.29	0.04	0.28	0.02	1.19	0.03	4.06	0.04	4.15	0.04	True	False	False	False	False	allOnce	null	kurucz95	True	0.0003	0.001	0.0033
HD21132 	6221	33	4.49	0.05	-0.35	0.02	1.32	0.05	4.17	0.05	4.24	0.05	True	False	False	False	False	allOnce	null	kurucz95	True	0.0003	0.001	0.0033
HD211534	5069	51	4.40	0.12	-0.25	0.03	0.21	0.38	4.53	0.12	4.67	0.12	True	False	False	False	False	allOnce	null	kurucz95	True	0.0003	0.001	0.0033
HD211583	4781	67	4.36	0.17	0.09	0.03	0.00	0.22	4.60	0.17	4.77	0.17	False	False	False	False	False	allOnce	null	kurucz95	True	0.001	0.003	0.01
HD21161 	5947	28	4.24	0.05	0.10	0.02	1.15	0.03	4.03	0.05	4.11	0.05	True	False	False	False	False	allOnce	null	kurucz95	True	0.0003	0.001	0.0033
HD212036	5711	22	4.37	0.05	0.01	0.02	0.82	0.04	4.25	0.05	4.35	0.05	True	False	False	False	False	allOnce	null	kurucz95	True	0.0003	0.001	0.0033
HD212231	5784	23	4.16	0.03	-0.27	0.02	1.03	0.03	4.01	0.03	4.11	0.03	True	False	False	False	False	allOnce	null	kurucz95	True	0.0003	0.001	0.0033
HD21251 	4939	61	4.30	0.11	-0.05	0.04	0.59	0.20	4.48	0.11	4.63	0.11	True	False	False	False	False	allOnce	null	kurucz95	True	0.0003	0.001	0.0033
HD212918	5063	52	4.41	0.14	-0.19	0.03	0.33	0.20	4.54	0.14	4.69	0.14	True	False	False	False	False	allOnce	null	kurucz95	True	0.0003	0.001	0.0033
HD213852	5053	85	4.28	0.14	0.18	0.05	0.66	0.21	4.41	0.14	4.56	0.15	True	False	False	False	False	allOnce	null	kurucz95	True	0.0003	0.001	0.0033
HD214094	6295	28	4.24	0.04	-0.0	0.02	1.47	0.04	3.89	0.04	3.95	0.04	True	False	False	False	False	allOnce	null	kurucz95	True	0.0003	0.001	0.0033
HD214383	4919	61	4.45	0.22	-0.1	0.03	0.58	0.25	4.64	0.22	4.79	0.22	True	False	False	False	False	allOnce	null	kurucz95	True	0.0003	0.001	0.0033
HD214867	5838	40	4.62	0.07	0.03	0.03	1.28	0.07	4.45	0.07	4.54	0.07	True	False	False	False	False	allOnce	null	kurucz95	True	0.0003	0.001	0.0033
HD214954	5744	42	4.31	0.07	0.20	0.04	0.95	0.06	4.18	0.07	4.27	0.07	True	False	False	False	False	allOnce	null	kurucz95	True	0.0003	0.001	0.0033
HD214998	4941	77	4.32	0.17	0.12	0.05	0.80	0.20	4.50	0.17	4.65	0.17	True	False	False	False	False	allOnce	null	kurucz95	True	0.0003	0.001	0.0033
HD215497	5114	87	4.34	0.18	0.28	0.05	0.71	0.24	4.45	0.18	4.59	0.18	True	False	False	False	False	allOnce	null	kurucz95	True	0.0003	0.001	0.0033
HD215625	6330	32	4.58	0.05	0.14	0.02	1.34	0.04	4.22	0.05	4.28	0.05	True	False	False	False	False	allOnce	null	kurucz95	True	0.0003	0.001	0.0033
HD215722	4762	140	4.38	0.31	-0.01	0.06	0.52	0.50	4.63	0.31	4.79	0.32	True	False	False	False	False	allOnce	null	kurucz95	True	0.0003	0.001	0.0033
HD215902	5481	34	4.33	0.07	-0.22	0.03	0.65	0.07	4.30	0.07	4.42	0.07	True	False	False	False	False	allOnce	null	kurucz95	True	0.0003	0.001	0.0033
HD215906	6225	58	4.48	0.06	-0.28	0.04	1.38	0.09	4.16	0.06	4.23	0.07	True	False	False	False	False	allOnce	null	kurucz95	True	0.0003	0.001	0.0033
HD216008	5779	23	4.34	0.04	-0.03	0.02	0.93	0.03	4.19	0.04	4.29	0.04	True	False	False	False	False	allOnce	null	kurucz95	True	0.0003	0.001	0.0033
HD216215	5232	43	4.37	0.09	-0.19	0.03	0.66	0.07	4.43	0.09	4.57	0.09	True	False	False	False	False	allOnce	null	kurucz95	True	0.0003	0.001	0.0033
HD217221	5233	50	4.44	0.09	0.05	0.03	0.72	0.11	4.50	0.09	4.64	0.09	True	False	False	False	False	allOnce	null	kurucz95	True	0.0003	0.001	0.0033
HD217395	5902	19	4.47	0.04	-0.12	0.01	0.94	0.03	4.27	0.04	4.36	0.04	True	False	False	False	False	allOnce	null	kurucz95	True	0.0003	0.001	0.0033
HD21759 	5159	37	4.44	0.08	-0.57	0.03	0.42	0.13	4.53	0.08	4.67	0.08	True	False	False	False	False	allOnce	null	kurucz95	True	0.0003	0.001	0.0033
HD217786	5980	24	4.34	0.05	-0.11	0.02	1.10	0.03	4.11	0.05	4.20	0.05	True	False	False	False	False	allOnce	null	kurucz95	True	0.0003	0.001	0.0033
HD217958	5991	43	4.47	0.10	0.30	0.03	1.30	0.06	4.24	0.10	4.32	0.10	True	False	False	False	False	allOnce	null	kurucz95	True	0.0003	0.001	0.0033
HD218340	5878	39	4.41	0.07	0.10	0.03	0.93	0.05	4.22	0.07	4.31	0.07	True	False	False	False	False	allOnce	null	kurucz95	True	0.0003	0.001	0.0033
HD218379	5948	20	4.13	0.03	0.15	0.02	1.26	0.03	3.92	0.03	4.00	0.03	True	False	False	False	False	allOnce	null	kurucz95	True	0.0003	0.001	0.0033
HD218750	5203	55	4.39	0.11	0.11	0.04	0.65	0.14	4.47	0.11	4.60	0.11	True	False	False	False	False	allOnce	null	kurucz95	True	0.0003	0.001	0.0033
HD218885	5735	30	4.36	0.05	-0.24	0.02	0.69	0.06	4.23	0.05	4.33	0.05	True	False	False	False	False	allOnce	null	kurucz95	True	0.0003	0.001	0.0033
HD219495	4724	150	4.15	0.26	0.19	0.10	0.71	0.46	4.41	0.27	4.58	0.27	True	False	False	False	False	allOnce	null	kurucz95	True	0.0003	0.001	0.0033
HD21977 	5956	30	4.48	0.06	0.12	0.02	1.01	0.04	4.26	0.06	4.35	0.06	True	False	False	False	False	allOnce	null	kurucz95	True	0.0003	0.001	0.0033
HD220456	5870	27	4.47	0.06	0.00	0.02	0.98	0.04	4.29	0.06	4.38	0.06	True	False	False	False	False	allOnce	null	kurucz95	True	0.0003	0.001	0.0033
HD220894	6246	28	4.50	0.07	0.03	0.02	1.22	0.04	4.17	0.07	4.24	0.07	True	False	False	False	False	allOnce	null	kurucz95	True	0.0003	0.001	0.0033
HD221343	5844	21	4.46	0.06	0.12	0.02	0.96	0.03	4.29	0.06	4.38	0.06	True	False	False	False	False	allOnce	null	kurucz95	True	0.0003	0.001	0.0033
HD221638	6394	46	4.60	0.06	-0.19	0.03	1.48	0.07	4.21	0.06	4.27	0.06	True	False	False	False	False	allOnce	null	kurucz95	True	0.0003	0.001	0.0033
HD22177 	5686	22	4.21	0.03	0.22	0.02	1.02	0.03	4.10	0.03	4.20	0.03	True	False	False	False	False	allOnce	null	kurucz95	True	0.0003	0.001	0.0033
HD221974	5221	84	4.32	0.14	0.32	0.06	0.80	0.17	4.39	0.14	4.52	0.15	True	False	False	False	False	allOnce	null	kurucz95	True	0.0003	0.001	0.0033
HD22249 	5762	26	4.58	0.05	-0.07	0.02	0.95	0.04	4.44	0.05	4.54	0.05	True	False	False	False	False	allOnce	null	kurucz95	True	0.0003	0.001	0.0033
HD222721	5346	26	4.28	0.05	-0.28	0.02	0.58	0.06	4.30	0.05	4.43	0.05	True	False	False	False	False	allOnce	null	kurucz95	True	0.0003	0.001	0.0033
HD22282 	5458	32	4.23	0.06	0.17	0.03	0.73	0.06	4.21	0.06	4.33	0.06	True	False	False	False	False	allOnce	null	kurucz95	True	0.0003	0.001	0.0033
HD223272	5130	99	4.34	0.22	0.13	0.06	0.71	0.20	4.44	0.22	4.59	0.22	False	False	False	False	False	allOnce	null	kurucz95	True	0.001	0.003	0.01
HD223315	5673	35	4.39	0.07	0.33	0.02	0.87	0.05	4.28	0.07	4.39	0.07	True	False	False	False	False	allOnce	null	kurucz95	True	0.0003	0.001	0.0033
HD224047	5194	35	4.40	0.08	-0.19	0.02	0.55	0.10	4.48	0.08	4.62	0.08	True	False	False	False	False	allOnce	null	kurucz95	True	0.0003	0.001	0.0033
HD224063	5648	25	4.28	0.05	0.19	0.02	0.90	0.04	4.18	0.05	4.29	0.05	True	False	False	False	False	allOnce	null	kurucz95	True	0.0003	0.001	0.0033
HD224230	4901	48	4.32	0.12	-0.08	0.02	0.32	0.36	4.51	0.12	4.67	0.12	True	False	False	False	False	allOnce	null	kurucz95	True	0.0003	0.001	0.0033
HD224287	5359	29	4.35	0.07	-0.24	0.02	0.63	0.06	4.37	0.07	4.49	0.07	True	False	False	False	False	allOnce	null	kurucz95	True	0.0003	0.001	0.0033
HD224432	4921	60	4.39	0.14	-0.04	0.03	0.77	0.18	4.58	0.14	4.73	0.14	False	False	False	False	False	allOnce	null	kurucz95	True	0.001	0.003	0.01
HD224433	5518	37	4.41	0.06	0.09	0.03	0.76	0.07	4.36	0.06	4.48	0.06	True	False	False	False	False	allOnce	null	kurucz95	True	0.0003	0.001	0.0033
HD224578	6154	33	4.57	0.06	0.02	0.02	1.13	0.05	4.28	0.06	4.35	0.06	True	False	False	False	False	allOnce	null	kurucz95	True	0.0003	0.001	0.0033
HD224685	5474	28	4.42	0.05	-0.4	0.02	0.67	0.06	4.39	0.05	4.51	0.05	True	False	False	False	False	allOnce	null	kurucz95	True	0.0003	0.001	0.0033
HD225297	6163	35	4.53	0.06	-0.08	0.02	1.20	0.05	4.23	0.06	4.30	0.06	True	False	False	False	False	allOnce	null	kurucz95	True	0.0003	0.001	0.0033
HD22897 	4862	70	4.35	0.18	-0.22	0.03	0.74	0.19	4.56	0.18	4.72	0.18	True	False	False	False	False	allOnce	null	kurucz95	True	0.0003	0.001	0.0033
HD22918 	4978	52	3.62	0.09	0.04	0.04	0.77	0.09	3.78	0.09	3.94	0.09	True	False	False	False	False	allOnce	null	kurucz95	True	0.0003	0.001	0.0033
HD23030 	5952	46	4.36	0.06	0.23	0.03	1.23	0.05	4.14	0.06	4.23	0.06	True	False	False	False	False	allOnce	null	kurucz95	True	0.0003	0.001	0.0033
HD23472 	4829	51	4.33	0.14	-0.17	0.04	0.31	0.40	4.55	0.14	4.71	0.14	True	False	False	False	False	allOnce	null	kurucz95	True	0.0003	0.001	0.0033
HD23901 	5269	23	3.91	0.05	-0.37	0.02	0.79	0.04	3.96	0.05	4.09	0.05	True	False	False	False	False	allOnce	null	kurucz95	True	0.0003	0.001	0.0033
HD24062 	6088	46	4.53	0.10	0.27	0.03	1.27	0.06	4.26	0.10	4.34	0.10	True	False	False	False	False	allOnce	null	kurucz95	True	0.0003	0.001	0.0033
HD24085 	6095	33	4.49	0.06	0.19	0.02	1.23	0.04	4.22	0.06	4.29	0.06	True	False	False	False	False	allOnce	null	kurucz95	True	0.0003	0.001	0.0033
HD24112 	6186	22	4.33	0.04	0.17	0.02	1.25	0.03	4.02	0.04	4.09	0.04	True	False	False	False	False	allOnce	null	kurucz95	True	0.0003	0.001	0.0033
HD24558 	5281	27	4.43	0.06	-0.43	0.02	0.57	0.07	4.48	0.06	4.61	0.06	True	False	False	False	False	allOnce	null	kurucz95	True	0.0003	0.001	0.0033
HD24633 	5294	44	4.34	0.07	-0.03	0.03	0.60	0.10	4.38	0.07	4.51	0.07	True	False	False	False	False	allOnce	null	kurucz95	True	0.0003	0.001	0.0033
HD25061 	5289	44	4.45	0.11	0.11	0.03	0.78	0.10	4.49	0.11	4.62	0.11	True	False	False	False	False	allOnce	null	kurucz95	True	0.0003	0.001	0.0033
HD25171 	6172	26	4.37	0.04	-0.08	0.02	1.21	0.03	4.07	0.04	4.14	0.04	True	False	False	False	False	allOnce	null	kurucz95	True	0.0003	0.001	0.0033
HD25357 	5141	88	4.56	0.24	-0.02	0.05	1.14	0.17	4.66	0.24	4.80	0.24	True	False	False	False	False	allOnce	null	kurucz95	True	0.0003	0.001	0.0033
HD25587 	6332	77	4.73	0.09	-0.08	0.05	1.94	0.15	4.37	0.09	4.43	0.10	True	False	False	False	False	allOnce	null	kurucz95	True	0.0003	0.001	0.0033
HD2567  	6061	24	4.46	0.05	0.24	0.02	1.16	0.03	4.20	0.05	4.28	0.05	True	False	False	False	False	allOnce	null	kurucz95	True	0.0003	0.001	0.0033
HD25912 	5890	26	4.52	0.06	0.12	0.02	0.92	0.04	4.33	0.06	4.42	0.06	True	False	False	False	False	allOnce	null	kurucz95	True	0.0003	0.001	0.0033
HD26430 	4990	47	4.37	0.10	-0.23	0.03	0.63	0.14	4.53	0.10	4.68	0.10	True	False	False	False	False	allOnce	null	kurucz95	True	0.0003	0.001	0.0033
HD26729 	5706	33	4.13	0.05	0.32	0.03	1.08	0.04	4.01	0.05	4.11	0.05	True	False	False	False	False	allOnce	null	kurucz95	True	0.0003	0.001	0.0033
HD26887 	6025	31	4.43	0.04	-0.34	0.02	1.00	0.05	4.19	0.04	4.27	0.04	True	False	False	False	False	allOnce	null	kurucz95	True	0.0003	0.001	0.0033
HD27471 	5907	25	4.21	0.04	0.13	0.02	1.19	0.03	4.01	0.04	4.10	0.04	True	False	False	False	False	allOnce	null	kurucz95	True	0.0003	0.001	0.0033
HD2768  	5556	25	4.35	0.06	-0.01	0.02	0.78	0.04	4.29	0.06	4.40	0.06	True	False	False	False	False	allOnce	null	kurucz95	True	0.0003	0.001	0.0033
HD28254 	5683	32	4.16	0.04	0.38	0.02	1.07	0.04	4.05	0.04	4.15	0.04	True	False	False	False	False	allOnce	null	kurucz95	True	0.0003	0.001	0.0033
HD28807 	6586	66	4.56	0.07	0.10	0.04	1.63	0.09	4.10	0.07	4.14	0.08	True	False	False	False	False	allOnce	null	kurucz95	True	0.0003	0.001	0.0033
HD28969 	6284	53	4.64	0.07	0.00	0.04	1.43	0.08	4.30	0.07	4.36	0.07	True	False	False	False	False	allOnce	null	kurucz95	True	0.0003	0.001	0.0033
HD290038	5050	64	4.43	0.17	0.03	0.04	0.60	0.19	4.57	0.17	4.71	0.17	True	False	False	False	False	allOnce	null	kurucz95	True	0.0003	0.001	0.0033
HD290327	5509	29	4.44	0.04	-0.11	0.02	0.63	0.06	4.40	0.04	4.51	0.04	True	False	False	False	False	allOnce	null	kurucz95	True	0.0003	0.001	0.0033
HD29137 	5755	29	4.18	0.03	0.29	0.03	1.08	0.03	4.04	0.03	4.14	0.03	True	False	False	False	False	allOnce	null	kurucz95	True	0.0003	0.001	0.0033
HD291763	4982	46	4.47	0.09	-0.61	0.03	0.35	0.05	4.63	0.09	4.78	0.09	True	False	False	False	False	allOnce	null	kurucz95	True	0.0003	0.001	0.0033
HD29263 	5780	26	4.32	0.03	0.03	0.02	0.94	0.04	4.17	0.03	4.27	0.03	True	False	False	False	False	allOnce	null	kurucz95	True	0.0003	0.001	0.0033
HD29303 	5800	36	4.42	0.05	-0.08	0.03	0.86	0.06	4.26	0.05	4.36	0.05	True	False	False	False	False	allOnce	null	kurucz95	True	0.0003	0.001	0.0033
HD29428 	5717	27	4.50	0.07	-0.06	0.02	0.75	0.04	4.38	0.07	4.48	0.07	True	False	False	False	False	allOnce	null	kurucz95	True	0.0003	0.001	0.0033
HD297396	4722	170	4.28	0.30	0.10	0.09	0.20	1.60	4.54	0.31	4.71	0.31	True	False	False	False	False	allOnce	null	kurucz95	True	0.0003	0.001	0.0033
HD29980 	6074	68	4.73	0.09	0.18	0.05	1.61	0.10	4.47	0.09	4.54	0.10	True	False	False	False	False	allOnce	null	kurucz95	True	0.0003	0.001	0.0033
HD29985 	4681	100	4.33	0.24	-0.21	0.04	0.52	0.48	4.61	0.24	4.78	0.24	True	False	False	False	False	allOnce	null	kurucz95	True	0.0003	0.001	0.0033
HD30053 	6115	45	4.39	0.07	-0.21	0.03	1.10	0.07	4.11	0.07	4.19	0.07	True	False	False	False	False	allOnce	null	kurucz95	True	0.0003	0.001	0.0033
HD30177 	5633	31	4.33	0.06	0.41	0.02	0.85	0.05	4.24	0.06	4.35	0.06	True	False	False	False	False	allOnce	null	kurucz95	True	0.0003	0.001	0.0033
HD30523 	4654	89	4.44	0.40	-0.1	0.06	0.49	0.54	4.73	0.40	4.90	0.40	True	False	False	False	False	allOnce	null	kurucz95	True	0.0003	0.001	0.0033
HD30669 	5433	35	4.37	0.07	0.15	0.02	0.63	0.08	4.36	0.07	4.48	0.07	True	False	False	False	False	allOnce	null	kurucz95	True	0.0003	0.001	0.0033
HD30858 	5225	45	4.48	0.10	-0.06	0.03	0.80	0.10	4.55	0.10	4.68	0.10	True	False	False	False	False	allOnce	null	kurucz95	True	0.0003	0.001	0.0033
HD309701	4835	74	4.36	0.19	-0.28	0.04	0.41	0.33	4.58	0.19	4.74	0.19	True	False	False	False	False	allOnce	null	kurucz95	True	0.0003	0.001	0.0033
HD31103 	6072	20	4.51	0.04	0.10	0.01	1.06	0.03	4.25	0.04	4.33	0.04	True	False	False	False	False	allOnce	null	kurucz95	True	0.0003	0.001	0.0033
HD31532 	5951	30	4.14	0.04	-0.03	0.02	1.35	0.04	3.93	0.04	4.01	0.04	True	False	False	False	False	allOnce	null	kurucz95	True	0.0003	0.001	0.0033
HD3220  	5847	17	4.49	0.04	-0.21	0.01	0.82	0.03	4.32	0.04	4.41	0.04	True	False	False	False	False	allOnce	null	kurucz95	True	0.0003	0.001	0.0033
HD3229  	6617	55	4.05	0.12	-0.05	0.04	1.76	0.08	3.58	0.12	3.62	0.12	True	False	False	False	False	allOnce	null	kurucz95	True	0.0003	0.001	0.0033
HD323631	4999	53	4.48	0.12	-0.24	0.07	0.00	2.24	4.64	0.12	4.79	0.12	True	False	False	False	False	allOnce	null	kurucz95	True	0.0003	0.001	0.0033
HD324492	5005	64	4.28	0.11	-0.1	0.04	0.00	0.79	4.43	0.11	4.58	0.11	True	False	False	False	False	allOnce	null	kurucz95	True	0.0003	0.001	0.0033
HD326267	4712	83	4.25	0.16	-0.24	0.08	0.21	0.74	4.52	0.16	4.69	0.16	True	False	False	False	False	allOnce	null	kurucz95	True	0.0003	0.001	0.0033
HD32804 	5904	16	4.47	0.04	0.08	0.01	1.06	0.02	4.27	0.04	4.36	0.04	True	False	False	False	False	allOnce	null	kurucz95	True	0.0003	0.001	0.0033
HD329788	5172	39	4.33	0.08	-0.08	0.02	0.44	0.12	4.42	0.08	4.56	0.08	True	False	False	False	False	allOnce	null	kurucz95	True	0.0003	0.001	0.0033
HD33081 	6421	80	4.53	0.09	-0.12	0.05	2.14	0.18	4.13	0.01	4.19	0.10	True	False	False	False	False	allOnce	null	kurucz95	True	0.0003	0.001	0.0033
HD33473A	5735	16	3.96	0.03	-0.12	0.01	1.16	0.02	3.83	0.03	3.93	0.03	True	False	False	False	False	allOnce	null	kurucz95	True	0.0003	0.001	0.0033
HD33811 	5582	30	4.33	0.06	0.32	0.02	0.81	0.05	4.26	0.06	4.37	0.06	True	False	False	False	False	allOnce	null	kurucz95	True	0.0003	0.001	0.0033
HD33822 	5749	28	4.26	0.04	0.26	0.03	1.03	0.04	4.12	0.04	4.22	0.04	True	False	False	False	False	allOnce	null	kurucz95	True	0.0003	0.001	0.0033
HD34327 	5852	30	4.07	0.07	-0.06	0.02	1.18	0.04	3.89	0.07	3.99	0.07	True	False	False	False	False	allOnce	null	kurucz95	True	0.0003	0.001	0.0033
HD36051 	6165	30	4.63	0.05	-0.03	0.02	1.17	0.04	4.33	0.05	4.40	0.05	True	False	False	False	False	allOnce	null	kurucz95	True	0.0003	0.001	0.0033
HD36179 	5317	38	4.42	0.09	-0.06	0.03	0.61	0.09	4.45	0.09	4.58	0.09	True	False	False	False	False	allOnce	null	kurucz95	True	0.0003	0.001	0.0033
HD37226 	6186	28	4.14	0.04	-0.1	0.02	1.55	0.04	3.83	0.04	3.90	0.04	True	False	False	False	False	allOnce	null	kurucz95	True	0.0003	0.001	0.0033
HD37548 	5971	27	4.23	0.05	-0.02	0.02	1.19	0.03	4.01	0.05	4.09	0.05	True	False	False	False	False	allOnce	null	kurucz95	True	0.0003	0.001	0.0033
HD37990 	6209	28	4.48	0.05	0.03	0.02	1.10	0.04	4.16	0.05	4.23	0.05	True	False	False	False	False	allOnce	null	kurucz95	True	0.0003	0.001	0.0033
HD38078 	5654	30	4.41	0.08	-0.24	0.02	0.58	0.06	4.31	0.08	4.42	0.08	True	False	False	False	False	allOnce	null	kurucz95	True	0.0003	0.001	0.0033
HD3808  	5580	24	4.41	0.05	-0.14	0.02	0.75	0.04	4.34	0.05	4.45	0.05	True	False	False	False	False	allOnce	null	kurucz95	True	0.0003	0.001	0.0033
HD38265 	5569	24	4.44	0.05	-0.11	0.02	0.71	0.05	4.37	0.05	4.48	0.05	True	False	False	False	False	allOnce	null	kurucz95	True	0.0003	0.001	0.0033
HD38355 	5374	36	4.39	0.12	0.14	0.03	0.67	0.09	4.40	0.12	4.52	0.12	True	False	False	False	False	allOnce	null	kurucz95	True	0.0003	0.001	0.0033
HD38385 	7248	102	4.77	0.13	0.11	0.05	2.77	0.27	4.05	0.14	4.05	0.14	True	False	False	False	False	allOnce	null	kurucz95	True	0.0003	0.001	0.0033
HD38772 	6121	39	4.32	0.05	-0.22	0.03	1.19	0.05	4.04	0.05	4.11	0.05	True	False	False	False	False	allOnce	null	kurucz95	True	0.0003	0.001	0.0033
HD39427 	5660	25	4.49	0.06	-0.15	0.02	0.77	0.05	4.39	0.06	4.49	0.06	True	False	False	False	False	allOnce	null	kurucz95	True	0.0003	0.001	0.0033
HD3964  	5761	24	4.51	0.05	0.08	0.02	0.87	0.04	4.37	0.05	4.47	0.05	True	False	False	False	False	allOnce	null	kurucz95	True	0.0003	0.001	0.0033
HD4021  	5787	40	4.58	0.05	-0.0	0.03	1.27	0.06	4.43	0.05	4.53	0.05	True	False	False	False	False	allOnce	null	kurucz95	True	0.0003	0.001	0.0033
HD40483 	6449	50	4.39	0.08	0.00	0.03	1.86	0.08	3.98	0.08	4.03	0.08	True	False	False	False	False	allOnce	null	kurucz95	True	0.0003	0.001	0.0033
HD40503 	4997	71	4.21	0.10	0.03	0.05	0.76	0.17	4.37	0.10	4.52	0.11	True	False	False	False	False	allOnce	null	kurucz95	True	0.0003	0.001	0.0033
HD40865 	5705	19	4.45	0.03	-0.37	0.01	0.83	0.04	4.33	0.03	4.43	0.03	True	False	False	False	False	allOnce	null	kurucz95	True	0.0003	0.001	0.0033
HD41087 	5580	29	4.53	0.09	-0.1	0.02	0.84	0.05	4.46	0.09	4.57	0.09	True	False	False	False	False	allOnce	null	kurucz95	True	0.0003	0.001	0.0033
HD41248 	5701	24	4.45	0.04	-0.36	0.02	0.81	0.04	4.33	0.04	4.43	0.04	True	False	False	False	False	allOnce	null	kurucz95	True	0.0003	0.001	0.0033
HD41323 	5789	23	4.47	0.13	-0.29	0.02	0.95	0.04	4.32	0.13	4.41	0.13	True	False	False	False	False	allOnce	null	kurucz95	True	0.0003	0.001	0.0033
HD42505 	4778	93	4.32	0.21	-0.18	0.04	0.74	0.24	4.56	0.21	4.73	0.21	True	False	False	False	False	allOnce	null	kurucz95	True	0.0003	0.001	0.0033
HD43197 	5470	47	4.26	0.07	0.39	0.04	0.70	0.10	4.23	0.07	4.35	0.07	True	False	False	False	False	allOnce	null	kurucz95	True	0.0003	0.001	0.0033
HD44219 	5765	19	4.18	0.03	0.04	0.02	1.02	0.02	4.04	0.03	4.14	0.03	True	False	False	False	False	allOnce	null	kurucz95	True	0.0003	0.001	0.0033
HD4457  	4982	54	4.39	0.09	-0.38	0.03	0.57	0.17	4.55	0.09	4.70	0.09	True	False	False	False	False	allOnce	null	kurucz95	True	0.0003	0.001	0.0033
HD44804 	5400	33	4.47	0.10	0.06	0.02	0.99	0.06	4.47	0.10	4.59	0.10	True	False	False	False	False	allOnce	null	kurucz95	True	0.0003	0.001	0.0033
HD457   	6082	27	4.42	0.06	0.35	0.02	1.12	0.03	4.15	0.06	4.23	0.06	True	False	False	False	False	allOnce	null	kurucz95	True	0.0003	0.001	0.0033
HD45977 	4642	124	4.14	0.27	0.04	0.06	0.49	0.50	4.43	0.27	4.61	0.28	True	False	False	False	False	allOnce	null	kurucz95	True	0.0003	0.001	0.0033
HD4597  	6031	31	4.36	0.04	-0.37	0.03	1.10	0.05	4.11	0.04	4.19	0.04	True	False	False	False	False	allOnce	null	kurucz95	True	0.0003	0.001	0.0033
HD48115 	5824	17	4.47	0.04	-0.18	0.01	0.85	0.03	4.30	0.04	4.40	0.04	True	False	False	False	False	allOnce	null	kurucz95	True	0.0003	0.001	0.0033
HD4838  	4606	65	4.38	0.23	-0.19	0.04	0.62	0.28	4.69	0.23	4.87	0.23	False	False	False	False	False	allOnce	null	kurucz95	True	0.001	0.003	0.01
HD49035 	5689	30	4.37	0.06	0.28	0.02	0.99	0.05	4.26	0.06	4.36	0.06	True	False	False	False	False	allOnce	null	kurucz95	True	0.0003	0.001	0.0033
HD52449 	6368	27	4.51	0.05	0.15	0.02	1.23	0.04	4.13	0.05	4.19	0.05	True	False	False	False	False	allOnce	null	kurucz95	True	0.0003	0.001	0.0033
HD5349  	5139	67	3.90	0.16	0.45	0.06	1.01	0.14	4.00	0.16	4.14	0.16	True	False	False	False	False	allOnce	null	kurucz95	True	0.0003	0.001	0.0033
HD5388  	6309	33	4.20	0.03	-0.26	0.02	1.60	0.05	3.85	0.03	3.91	0.03	True	False	False	False	False	allOnce	null	kurucz95	True	0.0003	0.001	0.0033
HD54521 	5979	25	4.52	0.04	0.01	0.02	1.00	0.03	4.29	0.04	4.38	0.04	True	False	False	False	False	allOnce	null	kurucz95	True	0.0003	0.001	0.0033
HD56380 	5344	25	4.37	0.05	-0.39	0.02	0.47	0.07	4.39	0.05	4.52	0.05	True	False	False	False	False	allOnce	null	kurucz95	True	0.0003	0.001	0.0033
HD564   	5906	17	4.53	0.04	-0.18	0.01	0.93	0.03	4.33	0.04	4.42	0.04	True	False	False	False	False	allOnce	null	kurucz95	True	0.0003	0.001	0.0033
HD57568 	4820	58	4.35	0.16	-0.45	0.03	0.72	0.18	4.58	0.16	4.74	0.16	True	False	False	False	False	allOnce	null	kurucz95	True	0.0003	0.001	0.0033
HD58489 	4854	101	4.26	0.19	0.14	0.07	0.62	0.36	4.47	0.19	4.63	0.20	False	False	False	False	False	allOnce	null	kurucz95	True	0.001	0.003	0.01
HD58676 	5175	51	4.43	0.16	0.04	0.03	0.70	0.13	4.52	0.16	4.66	0.16	True	False	False	False	False	allOnce	null	kurucz95	True	0.0003	0.001	0.0033
HD61051 	5390	29	4.34	0.06	-0.06	0.02	0.67	0.06	4.34	0.06	4.47	0.06	True	False	False	False	False	allOnce	null	kurucz95	True	0.0003	0.001	0.0033
HD61383 	5712	18	4.14	0.02	-0.47	0.01	1.04	0.03	4.02	0.02	4.12	0.02	True	False	False	False	False	allOnce	null	kurucz95	True	0.0003	0.001	0.0033
HD61447 	5670	28	4.35	0.05	0.20	0.02	0.89	0.04	4.24	0.05	4.35	0.05	True	False	False	False	False	allOnce	null	kurucz95	True	0.0003	0.001	0.0033
HD61986 	5723	27	4.42	0.04	-0.32	0.02	0.83	0.04	4.29	0.04	4.39	0.04	True	False	False	False	False	allOnce	null	kurucz95	True	0.0003	0.001	0.0033
HD62128 	5846	25	4.22	0.04	0.33	0.02	1.17	0.03	4.05	0.04	4.14	0.04	True	False	False	False	False	allOnce	null	kurucz95	True	0.0003	0.001	0.0033
HD62364 	6220	30	4.33	0.07	-0.09	0.02	1.30	0.04	4.01	0.07	4.08	0.07	True	False	False	False	False	allOnce	null	kurucz95	True	0.0003	0.001	0.0033
HD62847 	5376	28	4.46	0.07	-0.22	0.02	0.56	0.07	4.47	0.07	4.59	0.07	True	False	False	False	False	allOnce	null	kurucz95	True	0.0003	0.001	0.0033
HD63685 	5492	23	4.03	0.04	0.01	0.02	0.92	0.03	3.99	0.04	4.11	0.04	True	False	False	False	False	allOnce	null	kurucz95	True	0.0003	0.001	0.0033
HD63754 	6214	40	4.22	0.05	0.21	0.03	1.58	0.05	3.90	0.05	3.97	0.05	True	False	False	False	False	allOnce	null	kurucz95	True	0.0003	0.001	0.0033
HD6378  	4607	87	4.27	0.22	-0.43	0.03	0.45	0.36	4.58	0.22	4.75	0.22	False	False	False	False	False	allOnce	null	kurucz95	True	0.001	0.003	0.01
HD64640 	5222	61	4.25	0.10	0.22	0.05	0.76	0.13	4.32	0.10	4.45	0.10	True	False	False	False	False	allOnce	null	kurucz95	True	0.0003	0.001	0.0033
HD65982 	5954	23	4.39	0.03	-0.08	0.02	1.06	0.03	4.17	0.03	4.26	0.03	True	False	False	False	False	allOnce	null	kurucz95	True	0.0003	0.001	0.0033
HD66039 	6150	25	4.49	0.06	0.19	0.02	1.09	0.03	4.20	0.06	4.27	0.06	True	False	False	False	False	allOnce	null	kurucz95	True	0.0003	0.001	0.0033
HD66040 	5233	90	4.25	0.12	0.38	0.07	0.68	0.20	4.31	0.13	4.45	0.13	True	False	False	False	False	allOnce	null	kurucz95	True	0.0003	0.001	0.0033
HD66168 	6224	36	4.70	0.05	0.01	0.03	1.11	0.06	4.38	0.05	4.45	0.05	True	False	False	False	False	allOnce	null	kurucz95	True	0.0003	0.001	0.0033
HD66340 	5333	46	4.37	0.08	0.09	0.03	0.64	0.09	4.40	0.08	4.52	0.08	True	False	False	False	False	allOnce	null	kurucz95	True	0.0003	0.001	0.0033
HD66740 	6716	50	4.57	0.06	0.09	0.03	1.68	0.07	4.06	0.06	4.09	0.06	True	False	False	False	False	allOnce	null	kurucz95	True	0.0003	0.001	0.0033
HD66838 	5446	24	4.35	0.05	0.08	0.02	0.73	0.05	4.33	0.05	4.45	0.05	True	False	False	False	False	allOnce	null	kurucz95	True	0.0003	0.001	0.0033
HD6718  	5734	17	4.41	0.03	-0.06	0.01	0.85	0.03	4.28	0.03	4.38	0.03	True	False	False	False	False	allOnce	null	kurucz95	True	0.0003	0.001	0.0033
HD67200 	6101	22	4.38	0.04	0.33	0.02	1.16	0.02	4.11	0.04	4.18	0.04	True	False	False	False	False	allOnce	null	kurucz95	True	0.0003	0.001	0.0033
HD67    	5731	25	4.50	0.04	0.03	0.02	0.98	0.04	4.37	0.04	4.47	0.04	True	False	False	False	False	allOnce	null	kurucz95	True	0.0003	0.001	0.0033
HD68287 	6320	41	4.58	0.08	0.07	0.03	1.45	0.06	4.22	0.08	4.28	0.08	True	False	False	False	False	allOnce	null	kurucz95	True	0.0003	0.001	0.0033
HD70903 	5134	35	4.49	0.11	-0.4	0.02	0.51	0.10	4.59	0.11	4.73	0.11	True	False	False	False	False	allOnce	null	kurucz95	True	0.0003	0.001	0.0033
HD71685 	6027	37	4.50	0.07	-0.34	0.03	0.99	0.06	4.26	0.07	4.34	0.07	True	False	False	False	False	allOnce	null	kurucz95	True	0.0003	0.001	0.0033
HD72374 	5781	22	4.37	0.04	-0.08	0.02	0.84	0.03	4.22	0.04	4.32	0.04	True	False	False	False	False	allOnce	null	kurucz95	True	0.0003	0.001	0.0033
HD72659 	5950	19	4.26	0.02	-0.01	0.02	1.13	0.02	4.05	0.02	4.13	0.02	True	False	False	False	False	allOnce	null	kurucz95	True	0.0003	0.001	0.0033
HD73267 	5386	30	4.35	0.06	0.08	0.02	0.62	0.07	4.35	0.06	4.48	0.06	True	False	False	False	False	allOnce	null	kurucz95	True	0.0003	0.001	0.0033
HD73583 	4676	87	4.47	0.35	-0.18	0.04	0.53	0.40	4.75	0.35	4.92	0.35	True	False	False	False	False	allOnce	null	kurucz95	True	0.0003	0.001	0.0033
HD74698 	5816	18	4.26	0.02	0.10	0.01	1.02	0.02	4.10	0.02	4.19	0.02	True	False	False	False	False	allOnce	null	kurucz95	True	0.0003	0.001	0.0033
HD74957 	5873	24	4.38	0.04	-0.17	0.02	0.90	0.04	4.20	0.04	4.29	0.04	True	False	False	False	False	allOnce	null	kurucz95	True	0.0003	0.001	0.0033
HD75328 	5991	27	4.37	0.04	-0.22	0.02	1.03	0.04	4.14	0.04	4.22	0.04	True	False	False	False	False	allOnce	null	kurucz95	True	0.0003	0.001	0.0033
HD75530 	5300	32	4.43	0.07	-0.53	0.02	0.52	0.09	4.47	0.07	4.60	0.07	True	False	False	False	False	allOnce	null	kurucz95	True	0.0003	0.001	0.0033
HD75881 	6271	52	4.50	0.11	0.08	0.04	1.73	0.07	4.16	0.11	4.22	0.11	True	False	False	False	False	allOnce	null	kurucz95	True	0.0003	0.001	0.0033
HD76188 	6023	43	4.09	0.04	-0.38	0.03	1.18	0.06	3.85	0.04	3.93	0.04	True	False	False	False	False	allOnce	null	kurucz95	True	0.0003	0.001	0.0033
HD76440 	5751	20	4.37	0.05	-0.01	0.02	0.87	0.03	4.23	0.05	4.33	0.05	True	False	False	False	False	allOnce	null	kurucz95	True	0.0003	0.001	0.0033
HD78964B	5215	40	4.45	0.10	0.12	0.03	0.93	0.09	4.52	0.10	4.66	0.10	True	False	False	False	False	allOnce	null	kurucz95	True	0.0003	0.001	0.0033
HD79601 	5849	27	4.30	0.05	-0.57	0.02	1.05	0.05	4.12	0.05	4.22	0.05	True	False	False	False	False	allOnce	null	kurucz95	True	0.0003	0.001	0.0033
HD8038  	5701	30	4.42	0.05	0.22	0.02	0.80	0.05	4.30	0.05	4.40	0.05	True	False	False	False	False	allOnce	null	kurucz95	True	0.0003	0.001	0.0033
HD81700 	5880	23	4.50	0.07	0.13	0.02	0.97	0.03	4.31	0.07	4.40	0.07	True	False	False	False	False	allOnce	null	kurucz95	True	0.0003	0.001	0.0033
HD81767 	4978	98	4.34	0.17	0.09	0.06	0.54	0.32	4.50	0.17	4.66	0.18	True	False	False	False	False	allOnce	null	kurucz95	True	0.0003	0.001	0.0033
HD82114 	5927	24	4.18	0.03	0.03	0.02	1.26	0.03	3.97	0.03	4.06	0.03	True	False	False	False	False	allOnce	null	kurucz95	True	0.0003	0.001	0.0033
HD82783 	5358	54	4.36	0.12	0.27	0.04	0.81	0.10	4.38	0.12	4.50	0.12	True	False	False	False	False	allOnce	null	kurucz95	True	0.0003	0.001	0.0033
HD84305 	5942	27	4.46	0.05	-0.22	0.02	0.92	0.04	4.25	0.05	4.33	0.05	True	False	False	False	False	allOnce	null	kurucz95	True	0.0003	0.001	0.0033
HD84627B	6123	35	4.48	0.05	-0.26	0.02	1.11	0.05	4.20	0.05	4.27	0.05	True	False	False	False	False	allOnce	null	kurucz95	True	0.0003	0.001	0.0033
HD8535  	6159	17	4.41	0.04	0.05	0.01	1.22	0.02	4.11	0.04	4.19	0.04	True	False	False	False	False	allOnce	null	kurucz95	True	0.0003	0.001	0.0033
HD85725 	6018	27	4.03	0.05	0.17	0.02	1.53	0.03	3.79	0.05	3.87	0.05	True	False	False	False	False	allOnce	null	kurucz95	True	0.0003	0.001	0.0033
HD86652 	5948	23	4.45	0.05	0.14	0.02	1.01	0.03	4.24	0.05	4.32	0.05	True	False	False	False	False	allOnce	null	kurucz95	True	0.0003	0.001	0.0033
HD87320 	5640	27	4.37	0.05	-0.14	0.02	0.80	0.04	4.28	0.05	4.38	0.05	True	False	False	False	False	allOnce	null	kurucz95	True	0.0003	0.001	0.0033
HD87838 	6045	29	4.29	0.05	-0.43	0.02	1.20	0.05	4.04	0.05	4.12	0.05	True	False	False	False	False	allOnce	null	kurucz95	True	0.0003	0.001	0.0033
HD88885 	5378	30	4.45	0.08	-0.08	0.02	0.73	0.06	4.46	0.08	4.58	0.08	True	False	False	False	False	allOnce	null	kurucz95	True	0.0003	0.001	0.0033
HD89147 	5320	30	4.42	0.07	-0.06	0.02	0.75	0.06	4.45	0.07	4.58	0.07	True	False	False	False	False	allOnce	null	kurucz95	True	0.0003	0.001	0.0033
HD8930  	5664	30	4.40	0.06	-0.19	0.02	0.76	0.06	4.30	0.06	4.40	0.06	True	False	False	False	False	allOnce	null	kurucz95	True	0.0003	0.001	0.0033
HD89668 	4823	95	4.37	0.32	-0.1	0.07	0.45	0.59	4.59	0.32	4.76	0.32	False	False	False	False	False	allOnce	null	kurucz95	True	0.001	0.003	0.01
HD89749 	5442	23	4.48	0.05	-0.28	0.02	0.61	0.05	4.46	0.05	4.58	0.05	True	False	False	False	False	allOnce	null	kurucz95	True	0.0003	0.001	0.0033
HD89839 	6295	28	4.47	0.05	0.05	0.02	1.27	0.04	4.12	0.05	4.18	0.05	True	False	False	False	False	allOnce	null	kurucz95	True	0.0003	0.001	0.0033
HD8985  	6476	142	5.00	0.13	0.04	0.10	1.97	0.09	4.58	0.14	4.63	0.15	False	False	False	False	False	allOnce	null	kurucz95	True	0.001	0.003	0.01
HD89920 	4943	92	4.45	0.30	-0.02	0.04	0.41	0.40	4.63	0.30	4.78	0.30	True	False	False	False	False	allOnce	null	kurucz95	True	0.0003	0.001	0.0033
HD89965 	5063	56	4.44	0.16	-0.08	0.03	0.80	0.14	4.57	0.16	4.72	0.16	True	False	False	False	False	allOnce	null	kurucz95	True	0.0003	0.001	0.0033
HD90081 	5904	28	4.25	0.05	-0.17	0.02	1.03	0.04	4.05	0.05	4.14	0.05	True	False	False	False	False	allOnce	null	kurucz95	True	0.0003	0.001	0.0033
HD90133 	5129	53	4.49	0.19	-0.12	0.03	0.49	0.16	4.59	0.19	4.74	0.19	True	False	False	False	False	allOnce	null	kurucz95	True	0.0003	0.001	0.0033
HD90702 	5750	27	4.51	0.05	0.19	0.02	1.05	0.04	4.37	0.05	4.47	0.05	True	False	False	False	False	allOnce	null	kurucz95	True	0.0003	0.001	0.0033
HD90722 	5727	35	4.22	0.05	0.33	0.03	1.01	0.04	4.09	0.05	4.19	0.05	True	False	False	False	False	allOnce	null	kurucz95	True	0.0003	0.001	0.0033
HD90926 	5578	27	4.37	0.06	0.16	0.02	0.78	0.05	4.30	0.06	4.41	0.06	True	False	False	False	False	allOnce	null	kurucz95	True	0.0003	0.001	0.0033
HD90936 	5924	25	4.47	0.06	0.04	0.02	1.02	0.03	4.27	0.06	4.35	0.06	True	False	False	False	False	allOnce	null	kurucz95	True	0.0003	0.001	0.0033
HD91267 	4953	75	4.40	0.17	-0.06	0.04	0.41	0.32	4.57	0.17	4.73	0.17	True	False	False	False	False	allOnce	null	kurucz95	True	0.0003	0.001	0.0033
HD91345 	5623	45	4.41	0.06	-1.04	0.03	0.57	0.13	4.32	0.06	4.43	0.06	True	False	False	False	False	allOnce	null	kurucz95	True	0.0003	0.001	0.0033
HD91379 	6187	49	4.43	0.06	-0.28	0.03	1.02	0.07	4.12	0.06	4.19	0.06	True	False	False	False	False	allOnce	null	kurucz95	True	0.0003	0.001	0.0033
HD92547 	6014	31	4.43	0.04	-0.36	0.02	1.03	0.06	4.19	0.04	4.27	0.04	True	False	False	False	False	allOnce	null	kurucz95	True	0.0003	0.001	0.0033
HD93351 	5430	24	4.37	0.06	-0.21	0.02	0.63	0.05	4.36	0.06	4.48	0.06	True	False	False	False	False	allOnce	null	kurucz95	True	0.0003	0.001	0.0033
HD93745 	6078	25	4.29	0.06	0.14	0.02	1.34	0.03	4.03	0.06	4.10	0.06	True	False	False	False	False	allOnce	null	kurucz95	True	0.0003	0.001	0.0033
HD93932 	5950	27	4.28	0.04	0.07	0.02	1.13	0.03	4.07	0.04	4.15	0.04	True	False	False	False	False	allOnce	null	kurucz95	True	0.0003	0.001	0.0033
HD94771 	5627	24	4.02	0.06	0.21	0.02	1.11	0.03	3.93	0.06	4.04	0.06	True	False	False	False	False	allOnce	null	kurucz95	True	0.0003	0.001	0.0033
HD94964 	6140	35	4.52	0.07	-0.08	0.03	1.31	0.06	4.23	0.07	4.30	0.07	True	False	False	False	False	allOnce	null	kurucz95	True	0.0003	0.001	0.0033
HD95533 	5423	34	4.33	0.08	0.20	0.02	0.69	0.07	4.32	0.08	4.44	0.08	True	False	False	False	False	allOnce	null	kurucz95	True	0.0003	0.001	0.0033
HD95542 	5978	20	4.51	0.05	-0.03	0.01	0.97	0.03	4.28	0.05	4.37	0.05	True	False	False	False	False	allOnce	null	kurucz95	True	0.0003	0.001	0.0033
HD9578  	6052	19	4.51	0.04	0.11	0.01	1.06	0.03	4.26	0.04	4.33	0.04	True	False	False	False	False	allOnce	null	kurucz95	True	0.0003	0.001	0.0033
HD95922 	6313	42	4.60	0.05	-0.04	0.03	1.22	0.06	4.24	0.05	4.03	0.05	True	False	False	False	False	allOnce	null	kurucz95	True	0.0003	0.001	0.0033
HD9608  	5952	29	4.38	0.04	-0.23	0.02	0.93	0.05	4.16	0.04	4.25	0.04	True	False	False	False	False	allOnce	null	kurucz95	True	0.0003	0.001	0.0033
HD96116 	5830	17	4.49	0.06	0.00	0.01	0.94	0.02	4.32	0.06	4.42	0.06	True	False	False	False	False	allOnce	null	kurucz95	True	0.0003	0.001	0.0033
HD96276 	6070	26	4.49	0.06	-0.0	0.02	1.05	0.04	4.23	0.06	4.31	0.06	True	False	False	False	False	allOnce	null	kurucz95	True	0.0003	0.001	0.0033
HD96290 	6197	23	4.52	0.07	0.05	0.02	1.12	0.03	4.21	0.07	4.28	0.07	True	False	False	False	False	allOnce	null	kurucz95	True	0.0003	0.001	0.0033
HD96673 	4800	109	4.30	0.22	-0.07	0.04	0.16	1.06	4.53	0.22	4.70	0.23	True	False	False	False	False	allOnce	null	kurucz95	True	0.0003	0.001	0.0033
HD97320 	6129	61	4.47	0.06	-1.05	0.04	1.35	0.18	4.19	0.06	4.26	0.07	True	False	False	False	False	allOnce	null	kurucz95	True	0.0003	0.001	0.0033
HD98284 	5852	47	4.35	0.05	-0.83	0.04	0.88	0.10	4.17	0.05	4.27	0.05	True	False	False	False	False	allOnce	null	kurucz95	True	0.0003	0.001	0.0033
HIP102025	4725	79	4.29	0.15	-0.26	0.05	0.44	0.35	4.55	0.15	4.72	0.15	True	False	False	False	False	allOnce	null	kurucz95	True	0.0003	0.001	0.0033
HIP102964	4816	66	4.36	0.17	-0.18	0.04	0.53	0.27	4.59	0.17	4.75	0.17	True	False	False	False	False	allOnce	null	kurucz95	True	0.0003	0.001	0.0033
HIP103867	4726	94	4.36	0.19	-0.35	0.04	0.98	0.27	4.62	0.19	4.79	0.19	True	False	False	False	False	allOnce	null	kurucz95	True	0.0003	0.001	0.0033
HIP104856	5020	56	4.33	0.12	-0.18	0.03	0.44	0.20	4.48	0.12	4.63	0.12	True	False	False	False	False	allOnce	null	kurucz95	True	0.0003	0.001	0.0033
HIP105506	4900	130	4.43	0.41	0.03	0.10	0.14	1.21	4.62	0.41	4.78	0.41	True	False	False	False	False	allOnce	null	kurucz95	True	0.0003	0.001	0.0033
HIP10741	4901	63	4.47	0.32	-0.10	0.03	0.37	0.34	4.66	0.32	4.82	0.32	True	False	False	False	False	allOnce	null	kurucz95	True	0.0003	0.001	0.0033
HIP108216	4811	122	4.51	0.44	-0.46	0.08	0.12	1.21	4.74	0.44	4.90	0.44	True	False	False	False	False	allOnce	null	kurucz95	True	0.0003	0.001	0.0033
HIP109149	4947	71	4.36	0.14	-0.09	0.04	0.38	0.28	4.54	0.14	4.69	0.14	True	False	False	False	False	allOnce	null	kurucz95	True	0.0003	0.001	0.0033
HIP109421	4619	124	4.38	0.36	-0.23	0.14	0.19	2.67	4.68	0.36	4.86	0.36	False	False	False	False	False	allOnce	null	kurucz95	True	0.001	0.003	0.01
HIP113596	4615	107	4.23	0.21	-0.12	0.04	0.34	0.69	4.53	0.21	4.71	0.22	True	False	False	False	False	allOnce	null	kurucz95	True	0.0003	0.001	0.0033
HIP116374	4658	70	4.20	0.16	0.07	0.03	0.01	0.68	4.49	0.16	4.66	0.16	True	False	False	False	False	allOnce	null	kurucz95	True	0.0003	0.001	0.0033
HIP116939	5015	67	4.25	0.11	0.03	0.05	0.34	0.34	4.40	0.11	4.55	0.11	True	False	False	False	False	allOnce	null	kurucz95	True	0.0003	0.001	0.0033
HIP12147	5053	49	4.48	0.13	-0.31	0.03	0.45	0.19	4.61	0.13	4.76	0.13	True	False	False	False	False	allOnce	null	kurucz95	True	0.0003	0.001	0.0033
HIP15587	5288	43	4.43	0.10	-0.06	0.03	0.60	0.10	4.47	0.10	4.60	0.10	True	False	False	False	False	allOnce	null	kurucz95	True	0.0003	0.001	0.0033
HIP16094	4934	74	4.47	0.25	-0.0	0.05	0.50	0.30	4.65	0.25	4.81	0.25	True	False	False	False	False	allOnce	null	kurucz95	True	0.0003	0.001	0.0033
HIP17346	4719	108	4.31	0.22	-0.1	0.06	0.47	0.52	4.57	0.22	4.74	0.23	True	False	False	False	False	allOnce	null	kurucz95	True	0.0003	0.001	0.0033
HIP1745 	5441	27	4.36	0.06	-0.42	0.02	0.55	0.06	4.34	0.06	4.46	0.06	True	False	False	False	False	allOnce	null	kurucz95	True	0.0003	0.001	0.0033
HIP18918	4666	107	4.29	0.24	-0.18	0.04	0.67	0.35	4.57	0.24	4.75	0.24	True	False	False	False	False	allOnce	null	kurucz95	True	0.0003	0.001	0.0033
HIP20444	4906	79	4.35	0.19	-0.09	0.04	0.48	0.29	4.54	0.19	4.70	0.19	True	False	False	False	False	allOnce	null	kurucz95	True	0.0003	0.001	0.0033
HIP21934	4758	150	4.26	0.25	0.11	0.09	0.56	0.54	4.51	0.26	4.68	0.26	True	False	False	False	False	allOnce	null	kurucz95	True	0.0003	0.001	0.0033
HIP25612	4650	55	4.38	0.26	-0.45	0.02	0.00	1.97	4.67	0.26	4.84	0.26	False	False	False	False	False	allOnce	null	kurucz95	True	0.001	0.003	0.01
HIP26013	4907	105	4.37	0.26	0.09	0.06	0.72	0.27	4.56	0.26	4.72	0.26	True	False	False	False	False	allOnce	null	kurucz95	True	0.0003	0.001	0.0033
HIP31639	5359	32	4.36	0.07	-0.51	0.03	0.04	0.46	4.38	0.07	4.50	0.07	True	False	False	False	False	allOnce	null	kurucz95	True	0.0003	0.001	0.0033
HIP32127	5272	32	4.40	0.06	-0.63	0.03	0.14	0.23	4.45	0.06	4.58	0.06	True	False	False	False	False	allOnce	null	kurucz95	True	0.0003	0.001	0.0033
HIP32812	4991	105	4.31	0.16	-0.0	0.06	0.61	0.22	4.47	0.17	4.62	0.17	True	False	False	False	False	allOnce	null	kurucz95	True	0.0003	0.001	0.0033
HIP33392	4986	60	4.43	0.14	-0.03	0.03	0.74	0.18	4.59	0.14	4.74	0.14	True	False	False	False	False	allOnce	null	kurucz95	True	0.0003	0.001	0.0033
HIP35992	4972	63	4.24	0.10	0.03	0.04	0.53	0.19	4.41	0.10	4.56	0.10	True	False	False	False	False	allOnce	null	kurucz95	True	0.0003	0.001	0.0033
HIP36347	4768	102	4.38	0.24	-0.01	0.06	0.72	0.36	4.63	0.24	4.79	0.24	True	False	False	False	False	allOnce	null	kurucz95	True	0.0003	0.001	0.0033
HIP38324	4588	87	4.09	0.26	-0.29	0.03	0.30	0.55	4.41	0.26	4.58	0.26	True	False	False	False	False	allOnce	null	kurucz95	True	0.0003	0.001	0.0033
HIP39470	4586	104	4.30	0.23	-0.35	0.05	0.41	0.53	4.62	0.23	4.79	0.23	True	False	False	False	False	allOnce	null	kurucz95	True	0.0003	0.001	0.0033
HIP41659	5234	40	4.45	0.11	-0.5	0.03	0.36	0.15	4.51	0.11	4.65	0.11	True	False	False	False	False	allOnce	null	kurucz95	True	0.0003	0.001	0.0033
HIP45301	4826	48	4.39	0.15	-0.1	0.02	0.01	0.11	4.61	0.15	4.77	0.15	True	False	False	False	False	allOnce	null	kurucz95	True	0.0003	0.001	0.0033
HIP46933	4575	88	4.15	0.20	-0.26	0.05	0.69	0.33	4.47	0.20	4.65	0.20	True	False	False	False	False	allOnce	null	kurucz95	True	0.0003	0.001	0.0033
HIP5114 	4818	70	4.48	0.19	-0.55	0.04	0.39	0.33	4.71	0.19	4.87	0.19	True	False	False	False	False	allOnce	null	kurucz95	True	0.0003	0.001	0.0033
HIP5158 	4876	90	4.23	0.17	0.18	0.05	0.66	0.33	4.43	0.17	4.59	0.17	True	False	False	False	False	allOnce	null	kurucz95	True	0.0003	0.001	0.0033
HIP54446	4998	53	4.47	0.12	-0.14	0.03	0.67	0.13	4.63	0.12	4.78	0.12	True	False	False	False	False	allOnce	null	kurucz95	True	0.0003	0.001	0.0033
HIP54597	4805	96	4.38	0.24	-0.17	0.05	0.21	0.87	4.61	0.24	4.77	0.24	True	False	False	False	False	allOnce	null	kurucz95	True	0.0003	0.001	0.0033
HIP57688	4756	177	4.26	0.30	-0.05	0.18	0.01	3.60	4.51	0.31	4.68	0.31	True	False	False	False	False	allOnce	null	kurucz95	True	0.0003	0.001	0.0033
HIP58348	4906	82	4.36	0.21	0.04	0.06	0.49	0.35	4.55	0.21	4.71	0.21	True	False	False	False	False	allOnce	null	kurucz95	True	0.0003	0.001	0.0033
HIP59925	4599	86	4.33	0.25	-0.19	0.09	0.03	1.78	4.64	0.25	4.82	0.25	True	False	False	False	False	allOnce	null	kurucz95	True	0.0003	0.001	0.0033
HIP61406	4854	110	4.27	0.23	0.05	0.06	0.56	0.41	4.48	0.23	4.64	0.24	True	False	False	False	False	allOnce	null	kurucz95	True	0.0003	0.001	0.0033
HIP64965	4853	47	4.74	0.13	-1.02	0.02	0.00	0.13	4.95	0.13	5.11	0.13	True	False	False	False	False	allOnce	null	kurucz95	True	0.0003	0.001	0.0033
HIP67126	4744	57	4.23	0.12	-0.13	0.03	0.00	0.69	4.48	0.12	4.65	0.12	True	False	False	False	False	allOnce	null	kurucz95	True	0.0003	0.001	0.0033
HIP69224	5057	59	4.29	0.11	-0.08	0.04	0.34	0.23	4.42	0.11	4.57	0.11	True	False	False	False	False	allOnce	null	kurucz95	True	0.0003	0.001	0.0033
HIP7058 	4694	100	4.27	0.19	-0.09	0.03	0.11	2.02	4.54	0.19	4.71	0.20	True	False	False	False	False	allOnce	null	kurucz95	True	0.0003	0.001	0.0033
HIP7743 	4732	105	4.28	0.20	-0.13	0.06	0.68	0.34	4.54	0.20	4.71	0.21	True	False	False	False	False	allOnce	null	kurucz95	True	0.0003	0.001	0.0033
HIP78242	5225	36	4.36	0.07	0.01	0.03	0.60	0.10	4.43	0.07	4.56	0.07	True	False	False	False	False	allOnce	null	kurucz95	True	0.0003	0.001	0.0033
HIP80083	4724	101	4.47	0.24	-0.84	0.04	0.23	0.90	4.73	0.24	4.90	0.24	True	False	False	False	False	allOnce	null	kurucz95	True	0.0003	0.001	0.0033
HIP88316	5204	52	4.38	0.10	0.02	0.03	0.44	0.19	4.46	0.10	4.59	0.10	True	False	False	False	False	allOnce	null	kurucz95	True	0.0003	0.001	0.0033
HIP9398 	4722	77	4.52	0.26	-0.39	0.05	0.00	2.27	4.78	0.26	4.95	0.26	True	False	False	False	False	allOnce	null	kurucz95	True	0.0003	0.001	0.0033
HIP96240	4897	92	4.38	0.24	-0.1	0.04	0.77	0.19	4.58	0.24	4.73	0.24	False	False	False	False	False	allOnce	null	kurucz95	True	0.001	0.003	0.01
HIP99606B	5795	38	4.16	0.05	-0.37	0.03	1.00	0.06	4.01	0.05	4.10	0.05	True	False	False	False	False	allOnce	null	kurucz95	True	0.0003	0.001	0.0033
BD-002387	4885	123	4.40	0.42	0.12	0.09	0.60	0.45	4.60	0.42	4.76	0.42	False	False	False	False	False	allOnce	null	kurucz95	True	0.001	0.003	0.01
BD-010184	4829	75	4.37	0.24	-0.29	0.04	0.57	0.25	4.59	0.24	4.75	0.24	True	False	False	False	False	allOnce	null	kurucz95	True	0.0003	0.001	0.0033
BD-012505	4673	165	4.25	0.27	-0.06	0.10	0.49	0.64	4.53	0.28	4.70	0.28	True	False	False	False	False	allOnce	null	kurucz95	True	0.0003	0.001	0.0033
BD-033746	4844	88	4.56	0.23	-0.86	0.04	0.85	0.29	4.78	0.23	4.94	0.23	True	False	False	False	False	allOnce	null	kurucz95	True	0.0003	0.001	0.0033
BD-034797	4731	141	4.21	0.24	0.07	0.08	0.50	0.54	4.47	0.25	4.64	0.25	True	False	False	False	False	allOnce	null	kurucz95	True	0.0003	0.001	0.0033
BD-044138	4673	166	4.39	0.43	-0.12	0.08	0.73	0.47	4.67	0.43	4.84	0.44	True	False	False	False	False	allOnce	null	kurucz95	True	0.0003	0.001	0.0033
BD-050484	4726	124	4.36	0.22	-0.37	0.07	0.45	0.61	4.62	0.23	4.79	0.23	False	False	False	False	False	allOnce	null	kurucz95	True	0.001	0.003	0.01
BD-050578	5467	28	4.38	0.07	0.13	0.02	0.66	0.07	4.35	0.07	4.47	0.07	True	False	False	False	False	allOnce	null	kurucz95	True	0.0003	0.001	0.0033
BD-053176	4772	147	4.38	0.35	-0.02	0.09	0.64	0.46	4.62	0.35	4.79	0.36	False	False	False	False	False	allOnce	null	kurucz95	True	0.001	0.003	0.01
BD-053596	4665	82	4.25	0.16	-0.34	0.05	0.59	0.31	4.54	0.16	4.71	0.16	True	False	False	False	False	allOnce	null	kurucz95	True	0.0003	0.001	0.0033
BD-054065	4900	58	4.26	0.12	-0.27	0.03	0.42	0.20	4.45	0.12	4.61	0.12	True	False	False	False	False	allOnce	null	kurucz95	True	0.0003	0.001	0.0033
BD-060904	5125	58	4.47	0.18	-0.14	0.03	0.53	0.15	4.58	0.18	4.72	0.18	True	False	False	False	False	allOnce	null	kurucz95	True	0.0003	0.001	0.0033
BD-063481	4885	89	4.36	0.23	-0.1	0.04	0.41	0.40	4.56	0.23	4.72	0.23	True	False	False	False	False	allOnce	null	kurucz95	True	0.0003	0.001	0.0033
BD-064196	4783	72	4.28	0.16	-0.04	0.03	0.52	0.32	4.52	0.16	4.68	0.16	True	False	False	False	False	allOnce	null	kurucz95	True	0.0003	0.001	0.0033
BD-064756	4692	86	4.38	0.24	-0.25	0.04	0.99	0.26	4.65	0.24	4.83	0.24	True	False	False	False	False	allOnce	null	kurucz95	True	0.0003	0.001	0.0033
BD-082534	5372	43	4.32	0.07	-0.76	0.06	0.00	0.69	4.33	0.07	4.45	0.07	True	False	False	False	False	allOnce	null	kurucz95	True	0.0003	0.001	0.0033
BD-082823	4803	111	4.27	0.21	-0.05	0.05	0.71	0.32	4.50	0.21	4.67	0.22	False	False	False	False	False	allOnce	null	kurucz95	True	0.001	0.003	0.01
BD-090872	4717	92	4.24	0.17	-0.16	0.04	0.78	0.26	4.51	0.17	4.67	0.18	True	False	False	False	False	allOnce	null	kurucz95	True	0.0003	0.001	0.0033
BD-091261	4684	86	4.49	0.22	-0.76	0.03	0.61	0.30	4.77	0.22	4.94	0.22	False	False	False	False	False	allOnce	null	kurucz95	True	0.001	0.003	0.01
BD-092670	4840	66	4.35	0.16	-0.06	0.04	0.73	0.21	4.57	0.16	4.73	0.16	True	False	False	False	False	allOnce	null	kurucz95	True	0.0003	0.001	0.0033
BD-094191	4859	70	4.50	0.26	-0.27	0.04	0.50	0.36	4.71	0.26	4.87	0.26	True	False	False	False	False	allOnce	null	kurucz95	True	0.0003	0.001	0.0033
BD-112763	4941	55	4.38	0.12	-0.23	0.04	0.45	0.22	4.56	0.12	4.71	0.12	True	False	False	False	False	allOnce	null	kurucz95	True	0.0003	0.001	0.0033
BD-120327	4678	100	4.22	0.18	-0.29	0.04	0.37	0.50	4.50	0.18	4.67	0.19	True	False	False	False	False	allOnce	null	kurucz95	True	0.0003	0.001	0.0033
BD-123458	4876	68	4.98	0.21	-0.78	0.03	0.00	0.13	5.18	0.21	5.34	0.21	False	False	False	False	False	allOnce	null	kurucz95	True	0.001	0.003	0.01
BD-130116	4534	78	4.11	0.24	-0.47	0.24	0.01	6.01	4.45	0.24	4.63	0.24	False	False	False	False	False	allOnce	null	kurucz95	True	0.001	0.003	0.01
BD-130321	4769	137	4.27	0.25	0.06	0.08	0.59	0.48	4.51	0.26	4.68	0.26	True	False	False	False	False	allOnce	null	kurucz95	True	0.0003	0.001	0.0033
BD-131161	5397	30	4.37	0.08	0.10	0.02	0.64	0.07	4.37	0.08	4.49	0.08	True	False	False	False	False	allOnce	null	kurucz95	True	0.0003	0.001	0.0033
BD-140184	4736	76	4.30	0.17	-0.21	0.05	0.48	0.32	4.56	0.17	4.73	0.17	True	False	False	False	False	allOnce	null	kurucz95	True	0.0003	0.001	0.0033
BD-145003	4755	47	4.62	0.14	-0.41	0.02	0.00	0.06	4.87	0.14	5.04	0.14	True	False	False	False	False	allOnce	null	kurucz95	True	0.0003	0.001	0.0033
BD-160308	5172	41	4.41	0.08	-0.4	0.03	0.42	0.13	4.50	0.08	4.64	0.08	True	False	False	False	False	allOnce	null	kurucz95	True	0.0003	0.001	0.0033
BD-160931	4910	75	4.35	0.15	-0.04	0.04	0.53	0.25	4.54	0.15	4.70	0.15	True	False	False	False	False	allOnce	null	kurucz95	True	0.0003	0.001	0.0033
BD-170063	4778	116	4.32	0.24	0.02	0.07	0.63	0.39	4.56	0.24	4.73	0.25	True	False	False	False	False	allOnce	null	kurucz95	True	0.0003	0.001	0.0033
BD-173242	4640	81	4.26	0.18	-0.3	0.03	0.78	0.24	4.56	0.18	4.73	0.18	False	False	False	False	False	allOnce	null	kurucz95	True	0.001	0.003	0.01
BD-195953	4830	103	4.44	0.32	-0.1	0.06	0.75	0.29	4.66	0.32	4.82	0.32	True	False	False	False	False	allOnce	null	kurucz95	True	0.0003	0.001	0.0033
BD-213153	4723	112	4.32	0.24	-0.2	0.05	1.04	0.23	4.58	0.24	4.75	0.25	True	False	False	False	False	allOnce	null	kurucz95	True	0.0003	0.001	0.0033
BD-223528	4826	149	4.38	0.37	-0.06	0.10	0.23	0.98	4.60	0.37	4.76	0.38	True	False	False	False	False	allOnce	null	kurucz95	True	0.0003	0.001	0.0033
HD100289	5466	30	4.32	0.06	0.03	0.02	0.69	0.06	4.29	0.06	4.41	0.06	True	False	False	False	False	allOnce	null	kurucz95	True	0.0003	0.001	0.0033
HD101339	5727	27	4.43	0.04	-0.07	0.02	0.79	0.04	4.30	0.04	4.40	0.04	True	False	False	False	False	allOnce	null	kurucz95	True	0.0003	0.001	0.0033
HD101367	5624	31	4.28	0.06	0.32	0.02	0.90	0.05	4.19	0.06	4.30	0.06	True	False	False	False	False	allOnce	null	kurucz95	True	0.0003	0.001	0.0033
HD101612	6282	54	4.37	0.05	-0.35	0.04	1.12	0.08	4.03	0.05	4.09	0.06	True	False	False	False	False	allOnce	null	kurucz95	True	0.0003	0.001	0.0033
HD101644	5669	27	4.51	0.06	-0.51	0.02	0.51	0.07	4.40	0.06	4.51	0.06	True	False	False	False	False	allOnce	null	kurucz95	True	0.0003	0.001	0.0033
HD101650	4797	59	4.63	0.16	-0.39	0.02	0.28	0.04	4.86	0.16	5.03	0.16	True	False	False	False	True	allOnce	null	kurucz95	True	0.0003	0.001	0.0033
HD102136	5369	29	4.41	0.07	-0.05	0.02	0.74	0.06	4.42	0.07	4.55	0.07	True	False	False	False	False	allOnce	null	kurucz95	True	0.0003	0.001	0.0033
HD102300	6041	38	4.30	0.06	-0.26	0.03	1.15	0.06	4.05	0.06	4.13	0.06	True	False	False	False	False	allOnce	null	kurucz95	True	0.0003	0.001	0.0033
HD102843	5478	36	4.40	0.06	0.20	0.03	0.75	0.08	4.37	0.06	4.49	0.06	True	False	False	False	False	allOnce	null	kurucz95	True	0.0003	0.001	0.0033
HD103197	5288	75	4.38	0.14	0.26	0.05	0.74	0.14	4.42	0.14	4.55	0.14	True	False	False	False	False	allOnce	null	kurucz95	True	0.0003	0.001	0.0033
HD103720	5028	60	4.39	0.14	0.03	0.04	0.69	0.17	4.53	0.14	4.68	0.14	True	False	False	False	False	allOnce	null	kurucz95	True	0.0003	0.001	0.0033
HD103891	6067	22	4.02	0.05	-0.17	0.02	1.43	0.03	3.76	0.05	3.84	0.05	True	False	False	False	False	allOnce	null	kurucz95	True	0.0003	0.001	0.0033
HD104760A	5951	30	4.39	0.04	0.13	0.02	1.05	0.03	4.18	0.04	4.26	0.04	True	False	False	False	False	allOnce	null	kurucz95	True	0.0003	0.001	0.0033
HD105779	5781	18	4.49	0.03	-0.23	0.01	0.86	0.03	4.34	0.03	4.44	0.03	True	False	False	False	False	allOnce	null	kurucz95	True	0.0003	0.001	0.0033
HD105938	6215	31	4.23	0.05	0.07	0.02	1.52	0.04	3.91	0.05	3.98	0.05	True	False	False	False	False	allOnce	null	kurucz95	True	0.0003	0.001	0.0033
HD106290	5995	25	4.47	0.07	0.16	0.02	0.97	0.03	4.24	0.07	4.32	0.07	True	False	False	False	False	allOnce	null	kurucz95	True	0.0003	0.001	0.0033
HD106589	5631	28	4.38	0.06	-0.2	0.02	0.73	0.05	4.29	0.06	4.40	0.06	True	False	False	False	False	allOnce	null	kurucz95	True	0.0003	0.001	0.0033
HD107094	5539	21	4.46	0.04	-0.5	0.02	0.67	0.04	4.41	0.04	4.52	0.04	True	False	False	False	False	allOnce	null	kurucz95	True	0.0003	0.001	0.0033
HD108063	6180	50	4.18	0.08	0.58	0.04	1.61	0.05	3.88	0.08	3.95	0.08	True	False	False	False	False	allOnce	null	kurucz95	True	0.0003	0.001	0.0033
HD108341	5153	60	4.44	0.16	0.07	0.04	0.63	0.16	4.54	0.16	4.68	0.16	True	False	False	False	False	allOnce	null	kurucz95	True	0.0003	0.001	0.0033
HD108768	5628	25	4.46	0.08	0.14	0.02	0.83	0.04	4.37	0.08	4.48	0.08	True	False	False	False	False	allOnce	null	kurucz95	True	0.0003	0.001	0.0033
HD108935	4739	166	4.25	0.24	0.09	0.11	0.23	1.55	4.51	0.25	4.67	0.25	True	False	False	False	False	allOnce	null	kurucz95	True	0.0003	0.001	0.0033
HD10895 	5657	23	4.49	0.05	-0.26	0.02	0.71	0.05	4.39	0.05	4.49	0.05	True	False	False	False	False	allOnce	null	kurucz95	True	0.0003	0.001	0.0033
HD109098	5910	20	4.15	0.03	0.08	0.01	1.25	0.02	3.95	0.03	4.04	0.03	True	False	False	False	False	allOnce	null	kurucz95	True	0.0003	0.001	0.0033
HD109271	5802	25	4.28	0.02	0.10	0.02	1.04	0.03	4.12	0.02	4.22	0.02	True	False	False	False	False	allOnce	null	kurucz95	True	0.0003	0.001	0.0033
HD109368	4747	90	4.31	0.18	-0.21	0.04	0.79	0.25	4.56	0.18	4.73	0.18	True	False	False	False	False	allOnce	null	kurucz95	True	0.0003	0.001	0.0033
HD109723	5644	35	4.50	0.10	-0.01	0.03	0.85	0.06	4.40	0.10	4.51	0.10	True	False	False	False	False	allOnce	null	kurucz95	True	0.0003	0.001	0.0033
HD109988	5221	62	4.46	0.18	0.16	0.04	0.76	0.14	4.53	0.18	4.66	0.18	True	False	False	False	False	allOnce	null	kurucz95	True	0.0003	0.001	0.0033
HD110291	5493	30	4.36	0.04	-0.0	0.02	0.66	0.06	4.32	0.04	4.44	0.04	True	False	False	False	False	allOnce	null	kurucz95	True	0.0003	0.001	0.0033
HD110557	5306	33	4.33	0.07	-0.02	0.03	0.70	0.07	4.37	0.07	4.50	0.07	True	False	False	False	False	allOnce	null	kurucz95	True	0.0003	0.001	0.0033
HD110668	5880	24	4.43	0.06	0.20	0.02	1.01	0.03	4.24	0.06	4.33	0.06	True	False	False	False	False	allOnce	null	kurucz95	True	0.0003	0.001	0.0033
HD111564	6013	16	4.34	0.03	0.07	0.01	1.11	0.02	4.10	0.03	4.18	0.03	True	False	False	False	False	allOnce	null	kurucz95	True	0.0003	0.001	0.0033
HD112100	5088	49	4.42	0.13	-0.15	0.03	0.47	0.18	4.54	0.13	4.68	0.13	True	False	False	False	False	allOnce	null	kurucz95	True	0.0003	0.001	0.0033
HD112283	6453	74	4.76	0.06	-0.1	0.05	1.71	0.13	4.35	0.07	4.40	0.07	True	False	False	False	False	allOnce	null	kurucz95	True	0.0003	0.001	0.0033
HD113101	5470	26	4.35	0.05	-0.06	0.02	0.64	0.05	4.32	0.05	4.44	0.05	True	False	False	False	False	allOnce	null	kurucz95	True	0.0003	0.001	0.0033
HD113513	5764	56	4.55	0.08	0.19	0.04	0.86	0.09	4.41	0.08	4.51	0.08	True	False	False	False	False	allOnce	null	kurucz95	True	0.0003	0.001	0.0033
HD113569	4996	61	4.37	0.11	-0.17	0.04	0.00	0.84	4.53	0.11	4.68	0.11	False	False	False	False	False	allOnce	null	kurucz95	True	0.001	0.003	0.01
HD11397 	5551	29	4.43	0.05	-0.52	0.02	0.60	0.07	4.37	0.05	4.48	0.05	True	False	False	False	False	allOnce	null	kurucz95	True	0.0003	0.001	0.0033
HD114076	5115	36	4.28	0.08	-0.41	0.02	0.23	0.18	4.39	0.08	4.53	0.08	True	False	False	False	False	allOnce	null	kurucz95	True	0.0003	0.001	0.0033
HD114561	5795	29	4.45	0.05	-0.08	0.02	0.85	0.04	4.30	0.05	4.39	0.05	True	False	False	False	False	allOnce	null	kurucz95	True	0.0003	0.001	0.0033
HD115341	6036	34	4.46	0.06	0.02	0.03	1.00	0.05	4.21	0.06	4.29	0.06	True	False	False	False	False	allOnce	null	kurucz95	True	0.0003	0.001	0.0033
HD115499	5544	38	4.42	0.09	0.11	0.03	0.93	0.06	4.36	0.09	4.48	0.09	True	False	False	False	False	allOnce	null	kurucz95	True	0.0003	0.001	0.0033
HD115773	6306	30	4.12	0.04	-0.06	0.02	1.50	0.04	3.77	0.04	3.83	0.04	True	False	False	False	False	allOnce	null	kurucz95	True	0.0003	0.001	0.0033
HD115902	5721	22	4.33	0.05	0.02	0.02	0.87	0.03	4.20	0.05	4.31	0.05	True	False	False	False	False	allOnce	null	kurucz95	True	0.0003	0.001	0.0033
HD11608 	5000	138	4.24	0.19	0.24	0.10	0.53	0.43	4.39	0.20	4.54	0.20	True	False	False	False	False	allOnce	null	kurucz95	True	0.0003	0.001	0.0033
HD116259	5732	23	4.22	0.03	0.13	0.02	1.02	0.03	4.09	0.03	4.19	0.03	True	False	False	False	False	allOnce	null	kurucz95	True	0.0003	0.001	0.0033
HD116284	5241	32	3.83	0.06	0.02	0.03	0.85	0.04	3.89	0.06	4.02	0.06	True	False	False	False	False	allOnce	null	kurucz95	True	0.0003	0.001	0.0033
HD116410	5942	22	4.42	0.04	0.23	0.02	1.09	0.03	4.21	0.04	4.29	0.04	True	False	False	False	False	allOnce	null	kurucz95	True	0.0003	0.001	0.0033
HD116883	4924	60	4.36	0.15	-0.17	0.03	0.52	0.19	4.54	0.15	4.70	0.15	True	False	False	False	False	allOnce	null	kurucz95	True	0.0003	0.001	0.0033
HD116963	4765	86	4.39	0.24	-0.04	0.05	0.61	0.36	4.64	0.24	4.80	0.24	True	False	False	False	False	allOnce	null	kurucz95	True	0.0003	0.001	0.0033
HD1171  	5305	35	4.39	0.06	-0.48	0.03	0.45	0.10	4.43	0.06	4.56	0.06	True	False	False	False	False	allOnce	null	kurucz95	True	0.0003	0.001	0.0033
HD117359	5234	32	4.37	0.07	-0.11	0.02	0.49	0.09	4.43	0.07	4.57	0.07	True	False	False	False	False	allOnce	null	kurucz95	True	0.0003	0.001	0.0033
HD117938	4827	69	4.33	0.17	-0.08	0.04	0.56	0.29	4.55	0.17	4.71	0.17	False	False	False	False	False	allOnce	null	kurucz95	True	0.001	0.003	0.01
HD118466	5093	65	4.31	0.14	0.26	0.05	0.42	0.33	4.43	0.14	4.57	0.14	False	False	False	False	False	allOnce	null	kurucz95	True	0.001	0.003	0.01
HD118563	5511	32	4.49	0.06	-0.0	0.02	0.64	0.06	4.45	0.06	4.56	0.06	True	False	False	False	False	allOnce	null	kurucz95	True	0.0003	0.001	0.0033
HD119173	5846	46	4.31	0.07	-0.58	0.03	0.68	0.09	4.14	0.07	4.23	0.07	True	False	False	False	False	allOnce	null	kurucz95	True	0.0003	0.001	0.0033
HD119291	4684	126	4.15	0.25	-0.08	0.06	0.55	0.49	4.43	0.25	4.60	0.26	True	False	False	False	False	allOnce	null	kurucz95	True	0.0003	0.001	0.0033
HD11938 	4824	94	4.13	0.19	-0.0	0.05	0.92	0.19	4.35	0.19	4.52	0.19	True	False	False	False	False	allOnce	null	kurucz95	True	0.0003	0.001	0.0033
HD119503	4901	79	4.35	0.20	0.03	0.06	0.56	0.27	4.54	0.20	4.70	0.20	True	False	False	False	False	allOnce	null	kurucz95	True	0.0003	0.001	0.0033
HD119629	6285	41	4.23	0.04	-0.1	0.03	1.56	0.06	3.89	0.04	3.95	0.04	True	False	False	False	False	allOnce	null	kurucz95	True	0.0003	0.001	0.0033
HD120344	5629	25	4.37	0.05	-0.17	0.02	0.68	0.05	4.28	0.05	4.39	0.05	True	False	False	False	False	allOnce	null	kurucz95	True	0.0003	0.001	0.0033
HD120362	5545	54	4.52	0.11	0.18	0.04	0.88	0.09	4.46	0.11	4.58	0.11	True	False	False	False	False	allOnce	null	kurucz95	True	0.0003	0.001	0.0033
HD120491	4708	75	4.40	0.20	-0.33	0.03	0.39	0.44	4.67	0.20	4.84	0.20	True	False	False	False	False	allOnce	null	kurucz95	True	0.0003	0.001	0.0033
HD122308	5260	33	4.42	0.07	-0.3	0.03	0.56	0.09	4.47	0.07	4.61	0.07	True	False	False	False	False	allOnce	null	kurucz95	True	0.0003	0.001	0.0033
HD122474	5739	26	4.35	0.04	0.16	0.02	0.90	0.04	4.22	0.04	4.32	0.04	True	False	False	False	False	allOnce	null	kurucz95	True	0.0003	0.001	0.0033
HD123319	5615	28	4.50	0.07	-0.47	0.02	0.53	0.07	4.42	0.07	4.52	0.07	True	False	False	False	False	allOnce	null	kurucz95	True	0.0003	0.001	0.0033
HD123619	6161	49	4.29	0.06	-0.27	0.03	1.28	0.07	3.99	0.06	4.06	0.06	True	False	False	False	False	allOnce	null	kurucz95	True	0.0003	0.001	0.0033
HD123651	5906	39	4.50	0.05	-0.46	0.03	0.93	0.07	4.30	0.05	4.39	0.05	True	False	False	False	False	allOnce	null	kurucz95	True	0.0003	0.001	0.0033
HD125271	4816	90	4.24	0.17	-0.15	0.09	0.19	0.83	4.47	0.17	4.63	0.17	True	False	False	False	False	allOnce	null	kurucz95	True	0.0003	0.001	0.0033
HD125522	4852	69	4.43	0.18	-0.4	0.04	0.24	0.40	4.64	0.18	4.80	0.18	True	False	False	False	False	allOnce	null	kurucz95	True	0.0003	0.001	0.0033
HD125595	4733	54	4.22	0.10	0.11	0.02	0.01	0.20	4.48	0.10	4.65	0.10	True	False	False	False	False	allOnce	null	kurucz95	True	0.0003	0.001	0.0033
HD125612	5918	23	4.45	0.05	0.24	0.02	1.02	0.03	4.25	0.05	4.34	0.05	True	False	False	False	False	allOnce	null	kurucz95	True	0.0003	0.001	0.0033
HD126681	5599	41	4.68	0.04	-1.1	0.03	0.61	0.14	4.60	0.04	4.71	0.04	True	False	False	False	False	allOnce	null	kurucz95	True	0.0003	0.001	0.0033
HD126793	5877	36	4.33	0.04	-0.7	0.03	1.10	0.07	4.14	0.04	4.23	0.04	True	False	False	False	False	allOnce	null	kurucz95	True	0.0003	0.001	0.0033
HD126803	5480	26	4.43	0.04	-0.58	0.02	0.38	0.09	4.40	0.04	4.52	0.04	True	False	False	False	False	allOnce	null	kurucz95	True	0.0003	0.001	0.0033
HD126829	4706	108	4.33	0.22	-0.13	0.05	0.81	0.28	4.60	0.22	4.77	0.23	True	False	False	False	False	allOnce	null	kurucz95	True	0.0003	0.001	0.0033
HD127124	5086	66	4.33	0.12	-0.02	0.04	0.83	0.12	4.45	0.12	4.60	0.12	True	False	False	False	False	allOnce	null	kurucz95	True	0.0003	0.001	0.0033
HD128113	4982	54	4.30	0.09	-0.11	0.04	0.31	0.26	4.46	0.09	4.61	0.09	True	False	False	False	False	allOnce	null	kurucz95	True	0.0003	0.001	0.0033
HD128431	5450	24	4.39	0.05	-0.27	0.02	0.55	0.06	4.37	0.05	4.49	0.05	True	False	False	False	False	allOnce	null	kurucz95	True	0.0003	0.001	0.0033
HD128571	6206	56	4.40	0.04	-0.29	0.04	1.07	0.08	4.09	0.05	4.15	0.05	True	False	False	False	False	allOnce	null	kurucz95	True	0.0003	0.001	0.0033
HD129191	5819	28	4.34	0.04	0.24	0.02	0.98	0.03	4.18	0.04	4.27	0.04	True	False	False	False	False	allOnce	null	kurucz95	True	0.0003	0.001	0.0033
HD129829	6155	47	4.57	0.08	-0.13	0.03	1.14	0.07	4.28	0.08	4.35	0.08	True	False	False	False	False	allOnce	null	kurucz95	True	0.0003	0.001	0.0033
HD130989	6441	47	4.28	0.04	-0.2	0.03	1.79	0.08	3.87	0.04	3.93	0.05	True	False	False	False	False	allOnce	null	kurucz95	True	0.0003	0.001	0.0033
HD131183	5693	25	4.20	0.03	0.11	0.02	0.99	0.03	4.09	0.03	4.19	0.03	True	False	False	False	False	allOnce	null	kurucz95	True	0.0003	0.001	0.0033
HD131218	5774	26	4.47	0.08	-0.03	0.02	0.88	0.04	4.32	0.08	4.42	0.08	True	False	False	False	False	allOnce	null	kurucz95	True	0.0003	0.001	0.0033
HD131565	5618	19	4.41	0.07	-0.16	0.01	0.82	0.03	4.32	0.07	4.43	0.07	True	False	False	False	False	allOnce	null	kurucz95	True	0.0003	0.001	0.0033
HD131664	5902	25	4.39	0.06	0.32	0.02	1.06	0.03	4.19	0.06	4.28	0.06	True	False	False	False	False	allOnce	null	kurucz95	True	0.0003	0.001	0.0033
HD132411	4704	93	4.29	0.19	-0.26	0.05	0.26	0.61	4.56	0.19	4.73	0.19	True	False	False	False	False	allOnce	null	kurucz95	True	0.0003	0.001	0.0033
HD13252 	5395	33	4.29	0.06	-0.19	0.02	0.66	0.07	4.29	0.06	4.41	0.06	True	False	False	False	False	allOnce	null	kurucz95	True	0.0003	0.001	0.0033
HD132569	5032	54	4.49	0.12	-0.25	0.03	0.53	0.17	4.63	0.12	4.78	0.12	True	False	False	False	False	allOnce	null	kurucz95	True	0.0003	0.001	0.0033
HD133633	5592	22	4.44	0.07	-0.42	0.02	0.74	0.04	4.36	0.07	4.47	0.07	True	False	False	False	False	allOnce	null	kurucz95	True	0.0003	0.001	0.0033
HD134702	5784	27	4.42	0.07	-0.01	0.02	0.69	0.05	4.27	0.07	4.37	0.07	True	False	False	False	False	allOnce	null	kurucz95	True	0.0003	0.001	0.0033
HD134929B	5372	34	4.43	0.14	0.12	0.02	0.64	0.09	4.44	0.14	4.56	0.14	True	False	False	False	False	allOnce	null	kurucz95	True	0.0003	0.001	0.0033
HD135468	6444	46	4.24	0.04	0.03	0.03	1.74	0.06	3.83	0.04	3.89	0.05	True	False	False	False	False	allOnce	null	kurucz95	True	0.0003	0.001	0.0033
HD135625	6008	18	4.31	0.03	0.13	0.01	1.12	0.02	4.07	0.03	4.15	0.03	True	False	False	False	False	allOnce	null	kurucz95	True	0.0003	0.001	0.0033
HD13578 	5875	25	4.19	0.04	0.00	0.02	1.17	0.03	4.00	0.04	4.10	0.04	True	False	False	False	False	allOnce	null	kurucz95	True	0.0003	0.001	0.0033
HD137010	4818	82	4.32	0.19	-0.19	0.05	0.36	0.36	4.55	0.19	4.71	0.19	True	False	False	False	False	allOnce	null	kurucz95	True	0.0003	0.001	0.0033
HD137676	5255	22	3.89	0.04	-0.51	0.02	0.68	0.04	3.95	0.04	4.08	0.04	True	False	False	False	False	allOnce	null	kurucz95	True	0.0003	0.001	0.0033
HD138799	5224	45	4.26	0.08	0.04	0.03	0.70	0.10	4.33	0.08	4.46	0.08	True	False	False	False	False	allOnce	null	kurucz95	True	0.0003	0.001	0.0033
HD138914	5015	59	4.33	0.11	-0.09	0.04	0.66	0.15	4.48	0.11	4.63	0.11	True	False	False	False	False	allOnce	null	kurucz95	True	0.0003	0.001	0.0033
HD139189	5086	50	4.35	0.13	0.04	0.03	0.73	0.14	4.47	0.13	4.62	0.13	True	False	False	False	False	allOnce	null	kurucz95	True	0.0003	0.001	0.0033
HD139332	4962	51	4.41	0.14	0.03	0.02	0.00	0.11	4.58	0.14	4.73	0.14	True	False	False	False	False	allOnce	null	kurucz95	True	0.0003	0.001	0.0033
HD139536	5181	81	4.58	0.18	0.03	0.05	0.74	0.23	4.66	0.18	4.80	0.18	True	False	False	False	False	allOnce	null	kurucz95	True	0.0003	0.001	0.0033
HD139590	6204	29	4.45	0.05	0.14	0.02	1.34	0.03	4.14	0.05	4.20	0.05	True	False	False	False	False	allOnce	null	kurucz95	True	0.0003	0.001	0.0033
HD139710	5154	49	4.43	0.13	-0.04	0.03	0.94	0.10	4.53	0.13	4.66	0.13	True	False	False	False	False	allOnce	null	kurucz95	True	0.0003	0.001	0.0033
HD139879	6177	36	4.56	0.08	0.28	0.03	1.23	0.05	4.26	0.08	4.33	0.08	True	False	False	False	False	allOnce	null	kurucz95	True	0.0003	0.001	0.0033
HD140785	5756	25	4.13	0.03	-0.03	0.02	1.01	0.03	3.99	0.03	4.09	0.03	True	False	False	False	False	allOnce	null	kurucz95	True	0.0003	0.001	0.0033
HD141128	6643	53	4.46	0.08	0.06	0.03	1.51	0.07	3.98	0.08	4.01	0.08	True	False	False	False	False	allOnce	null	kurucz95	True	0.0003	0.001	0.0033
HD141597	6252	56	4.29	0.06	-0.4	0.04	1.12	0.09	3.96	0.06	4.02	0.07	True	False	False	False	False	allOnce	null	kurucz95	True	0.0003	0.001	0.0033
HD141598	5632	24	4.40	0.06	-0.06	0.02	0.77	0.04	4.31	0.06	4.42	0.06	True	False	False	False	False	allOnce	null	kurucz95	True	0.0003	0.001	0.0033
HD141624	5837	40	4.29	0.06	-0.35	0.03	0.87	0.06	4.12	0.06	4.21	0.06	True	False	False	False	False	allOnce	null	kurucz95	True	0.0003	0.001	0.0033
HD142879	5719	27	4.54	0.05	-0.36	0.02	0.69	0.06	4.42	0.05	4.52	0.05	True	False	False	False	False	allOnce	null	kurucz95	True	0.0003	0.001	0.0033
HD143638	5937	21	4.42	0.04	-0.25	0.02	0.97	0.03	4.21	0.04	4.30	0.04	True	False	False	False	False	allOnce	null	kurucz95	True	0.0003	0.001	0.0033
HD143790	6558	56	4.04	0.06	-0.01	0.04	1.89	0.08	3.59	0.06	3.63	0.07	True	False	False	False	False	allOnce	null	kurucz95	True	0.0003	0.001	0.0033
HD144342	5422	40	4.44	0.10	0.11	0.03	0.83	0.07	4.43	0.10	4.55	0.10	True	False	False	False	False	allOnce	null	kurucz95	True	0.0003	0.001	0.0033
HD14452 	5328	34	4.46	0.10	-0.11	0.02	0.75	0.07	4.49	0.10	4.62	0.10	True	False	False	False	False	allOnce	null	kurucz95	True	0.0003	0.001	0.0033
HD144846	6106	26	4.49	0.07	0.16	0.02	1.05	0.04	4.21	0.07	4.29	0.07	True	False	False	False	False	allOnce	null	kurucz95	True	0.0003	0.001	0.0033
HD144880	6141	39	4.26	0.05	-0.29	0.03	1.28	0.06	3.97	0.05	4.04	0.05	True	False	False	False	False	allOnce	null	kurucz95	True	0.0003	0.001	0.0033
HD145377	6038	17	4.49	0.04	0.12	0.01	1.07	0.02	4.24	0.04	4.32	0.04	True	False	False	False	False	allOnce	null	kurucz95	True	0.0003	0.001	0.0033
HD145927	5828	24	4.39	0.04	-0.01	0.02	0.96	0.03	4.22	0.04	4.32	0.04	True	False	False	False	False	allOnce	null	kurucz95	True	0.0003	0.001	0.0033
HD147147	4906	69	4.44	0.26	-0.14	0.03	0.83	0.23	4.63	0.26	4.79	0.26	True	False	False	False	False	allOnce	null	kurucz95	True	0.0003	0.001	0.0033
HD147195	5575	30	4.44	0.07	-0.02	0.02	0.72	0.05	4.37	0.07	4.48	0.07	True	False	False	False	False	allOnce	null	kurucz95	True	0.0003	0.001	0.0033
HD14745 	6289	38	4.62	0.06	-0.11	0.03	1.35	0.05	4.27	0.06	4.34	0.06	True	False	False	False	False	allOnce	null	kurucz95	True	0.0003	0.001	0.0033
HD148156	6254	36	4.56	0.06	0.26	0.03	1.31	0.04	4.23	0.06	4.29	0.06	True	False	False	False	False	allOnce	null	kurucz95	True	0.0003	0.001	0.0033
HD148211	5926	24	4.28	0.04	-0.6	0.02	1.25	0.04	4.07	0.04	4.16	0.04	True	False	False	False	False	allOnce	null	kurucz95	True	0.0003	0.001	0.0033
HD148577	5705	19	4.19	0.04	-0.07	0.02	0.92	0.03	4.07	0.04	4.17	0.04	True	False	False	False	False	allOnce	null	kurucz95	True	0.0003	0.001	0.0033
HD14868 	5891	29	4.41	0.06	0.06	0.02	0.90	0.04	4.22	0.06	4.31	0.06	True	False	False	False	False	allOnce	null	kurucz95	True	0.0003	0.001	0.0033
HD149200	6329	53	4.45	0.09	0.12	0.04	1.68	0.07	4.09	0.09	4.15	0.09	True	False	False	False	False	allOnce	null	kurucz95	True	0.0003	0.001	0.0033
HD149396	5668	23	4.44	0.05	0.19	0.02	0.95	0.04	4.34	0.05	4.44	0.05	True	False	False	False	False	allOnce	null	kurucz95	True	0.0003	0.001	0.0033
HD149724	5745	35	4.25	0.05	0.38	0.03	1.03	0.04	4.12	0.05	4.21	0.05	True	False	False	False	False	allOnce	null	kurucz95	True	0.0003	0.001	0.0033
HD150139	5919	29	4.16	0.04	-0.5	0.02	1.09	0.05	3.96	0.04	4.05	0.04	True	False	False	False	False	allOnce	null	kurucz95	True	0.0003	0.001	0.0033
HD150437	5835	25	4.31	0.05	0.31	0.02	1.05	0.03	4.14	0.05	4.23	0.05	True	False	False	False	False	allOnce	null	kurucz95	True	0.0003	0.001	0.0033
HD150474	5438	25	4.01	0.05	0.03	0.02	0.92	0.04	3.99	0.05	4.11	0.05	True	False	False	False	False	allOnce	null	kurucz95	True	0.0003	0.001	0.0033
HD151692	4775	116	4.30	0.24	-0.04	0.05	0.54	0.43	4.54	0.24	4.71	0.25	True	False	False	False	False	allOnce	null	kurucz95	True	0.0003	0.001	0.0033
HD151772	6667	80	4.93	0.12	-0.29	0.05	2.25	0.23	4.44	0.12	4.47	0.13	False	False	False	False	False	allOnce	null	kurucz95	True	0.001	0.003	0.01
HD151933	5887	23	4.27	0.04	-0.18	0.02	1.05	0.03	4.08	0.04	4.17	0.04	True	False	False	False	False	allOnce	null	kurucz95	True	0.0003	0.001	0.0033
HD152433	6170	31	4.48	0.05	-0.07	0.02	1.17	0.04	4.18	0.05	4.25	0.05	True	False	False	False	False	allOnce	null	kurucz95	True	0.0003	0.001	0.0033
HD152533	4833	114	4.29	0.21	-0.02	0.05	0.28	0.73	4.51	0.21	4.67	0.22	True	False	False	False	False	allOnce	null	kurucz95	True	0.0003	0.001	0.0033
HD153276	5998	31	4.44	0.05	0.04	0.03	1.08	0.04	4.21	0.05	4.29	0.05	True	False	False	False	False	allOnce	null	kurucz95	True	0.0003	0.001	0.0033
HD153950	6068	18	4.34	0.05	-0.01	0.01	1.20	0.02	4.08	0.05	4.16	0.05	True	False	False	False	False	allOnce	null	kurucz95	True	0.0003	0.001	0.0033
HD154195A	5927	29	4.38	0.06	-0.17	0.02	0.89	0.04	4.17	0.06	4.26	0.06	True	False	False	False	False	allOnce	null	kurucz95	True	0.0003	0.001	0.0033
HD154387	4789	63	4.52	0.24	-0.2	0.03	0.00	0.49	4.76	0.24	4.92	0.24	True	False	False	False	False	allOnce	null	kurucz95	True	0.0003	0.001	0.0033
HD155717	4958	52	4.43	0.14	-0.11	0.03	0.75	0.14	4.60	0.14	4.75	0.14	True	False	False	False	False	allOnce	null	kurucz95	True	0.0003	0.001	0.0033
HD155968	5791	35	4.42	0.06	0.16	0.03	0.96	0.05	4.27	0.06	4.36	0.06	True	False	False	False	False	allOnce	null	kurucz95	True	0.0003	0.001	0.0033
HD156079	5927	24	4.23	0.04	0.30	0.02	1.20	0.03	4.02	0.04	4.11	0.04	True	False	False	False	False	allOnce	null	kurucz95	True	0.0003	0.001	0.0033
HD156098	6537	52	4.18	0.05	0.20	0.03	2.00	0.06	3.74	0.05	3.78	0.06	True	False	False	False	False	allOnce	null	kurucz95	True	0.0003	0.001	0.0033
HD15612 	5235	33	4.45	0.07	-0.1	0.02	0.80	0.07	4.51	0.07	4.65	0.07	True	False	False	False	False	allOnce	null	kurucz95	True	0.0003	0.001	0.0033
HD156411	5908	20	3.97	0.04	-0.1	0.02	1.31	0.02	3.77	0.04	3.86	0.04	True	False	False	False	False	allOnce	null	kurucz95	True	0.0003	0.001	0.0033
HD156423	5208	43	4.47	0.08	-0.39	0.03	0.34	0.17	4.54	0.08	4.68	0.08	True	False	False	False	False	allOnce	null	kurucz95	True	0.0003	0.001	0.0033
HD156517	5057	59	4.44	0.17	0.08	0.04	0.80	0.15	4.57	0.17	4.72	0.17	True	False	False	False	False	allOnce	null	kurucz95	True	0.0003	0.001	0.0033
HD156991	5939	33	4.56	0.05	-0.06	0.03	1.03	0.05	4.35	0.05	4.44	0.05	True	False	False	False	False	allOnce	null	kurucz95	True	0.0003	0.001	0.0033
HD157668	5185	30	4.45	0.08	-0.21	0.02	0.51	0.10	4.53	0.08	4.67	0.08	True	False	False	False	False	allOnce	null	kurucz95	True	0.0003	0.001	0.0033
HD15906 	4962	111	4.46	0.29	0.01	0.06	0.71	0.25	4.63	0.29	4.78	0.29	True	False	False	False	False	allOnce	null	kurucz95	True	0.0003	0.001	0.0033
HD160089	6386	66	4.92	0.07	0.14	0.04	1.71	0.12	4.54	0.07	4.59	0.08	True	False	False	False	False	allOnce	null	kurucz95	True	0.0003	0.001	0.0033
HD16008 	5736	26	4.39	0.04	-0.06	0.02	0.82	0.04	4.26	0.04	4.36	0.04	True	False	False	False	False	allOnce	null	kurucz95	True	0.0003	0.001	0.0033
HD160836	4793	75	4.34	0.17	-0.13	0.04	0.76	0.24	4.58	0.17	4.74	0.17	True	False	False	False	False	allOnce	null	kurucz95	True	0.0003	0.001	0.0033
HD161256	5698	24	4.30	0.04	0.16	0.02	0.95	0.03	4.18	0.04	4.29	0.04	True	False	False	False	False	allOnce	null	kurucz95	True	0.0003	0.001	0.0033
HD161555	5882	21	4.12	0.04	0.14	0.02	1.26	0.02	3.93	0.04	4.02	0.04	True	False	False	False	False	allOnce	null	kurucz95	True	0.0003	0.001	0.0033
HD161566	6221	27	4.11	0.04	-0.26	0.02	1.54	0.04	3.79	0.04	3.86	0.04	True	False	False	False	False	allOnce	null	kurucz95	True	0.0003	0.001	0.0033
HD16280 	4776	96	4.32	0.21	-0.16	0.06	0.45	0.40	4.56	0.21	4.73	0.21	True	False	False	False	False	allOnce	null	kurucz95	True	0.0003	0.001	0.0033
HD163102	6510	68	4.79	0.07	0.06	0.04	1.96	0.13	4.36	0.07	4.40	0.08	True	False	False	False	False	allOnce	null	kurucz95	True	0.0003	0.001	0.0033
HD163436	5056	61	4.34	0.15	-0.06	0.03	0.61	0.15	4.47	0.15	4.62	0.15	True	False	False	False	False	allOnce	null	kurucz95	True	0.0003	0.001	0.0033
HD16382 	5930	22	4.38	0.04	0.02	0.02	1.08	0.03	4.17	0.04	4.26	0.04	True	False	False	False	False	allOnce	null	kurucz95	True	0.0003	0.001	0.0033
HD165131	5882	22	4.43	0.05	0.09	0.02	0.94	0.03	4.24	0.05	4.33	0.05	True	False	False	False	False	allOnce	null	kurucz95	True	0.0003	0.001	0.0033
HD16536 	5324	40	4.45	0.11	-0.02	0.03	0.63	0.09	4.48	0.11	4.61	0.11	True	False	False	False	False	allOnce	null	kurucz95	True	0.0003	0.001	0.0033
HD16548 	5696	22	3.94	0.05	0.15	0.02	1.20	0.02	3.82	0.05	3.93	0.05	True	False	False	False	False	allOnce	null	kurucz95	True	0.0003	0.001	0.0033
HD166745	5651	30	4.27	0.05	0.28	0.02	0.97	0.04	4.17	0.05	4.28	0.05	True	False	False	False	False	allOnce	null	kurucz95	True	0.0003	0.001	0.0033
HD167677	5477	23	4.35	0.04	-0.27	0.02	0.63	0.04	4.32	0.04	4.44	0.04	True	False	False	False	False	allOnce	null	kurucz95	True	0.0003	0.001	0.0033
HD168769	5401	31	4.41	0.09	0.03	0.02	0.88	0.06	4.41	0.09	4.53	0.09	True	False	False	False	False	allOnce	null	kurucz95	True	0.0003	0.001	0.0033
HD168863	4928	95	4.37	0.24	0.21	0.06	0.49	0.44	4.55	0.24	4.71	0.24	True	False	False	False	False	allOnce	null	kurucz95	True	0.0003	0.001	0.0033
HD168870	5345	26	4.37	0.07	-0.28	0.02	0.65	0.06	4.39	0.07	4.52	0.07	True	False	False	False	False	allOnce	null	kurucz95	True	0.0003	0.001	0.0033
HD16905 	4954	107	4.35	0.21	0.16	0.07	0.67	0.30	4.52	0.21	4.68	0.22	True	False	False	False	False	allOnce	null	kurucz95	True	0.0003	0.001	0.0033
HD170958	5589	52	4.77	0.08	-0.02	0.04	1.30	0.09	4.70	0.08	4.81	0.08	True	False	False	False	False	allOnce	null	kurucz95	True	0.0003	0.001	0.0033
HD171825	5000	66	4.50	0.19	-0.08	0.04	0.71	0.17	4.65	0.19	4.80	0.19	True	False	False	False	False	allOnce	null	kurucz95	True	0.0003	0.001	0.0033
HD171942	5646	22	4.38	0.05	-0.07	0.02	0.78	0.04	4.28	0.05	4.39	0.05	True	False	False	False	False	allOnce	null	kurucz95	True	0.0003	0.001	0.0033
HD172568	5679	29	4.42	0.04	-0.36	0.02	0.70	0.05	4.31	0.04	4.41	0.04	True	False	False	False	False	allOnce	null	kurucz95	True	0.0003	0.001	0.0033
HD172643	5655	25	4.43	0.07	-0.13	0.02	0.76	0.05	4.33	0.07	4.44	0.07	True	False	False	False	False	allOnce	null	kurucz95	True	0.0003	0.001	0.0033
HD173885	6247	33	4.25	0.05	-0.19	0.02	1.48	0.05	3.92	0.05	3.99	0.05	True	False	False	False	False	allOnce	null	kurucz95	True	0.0003	0.001	0.0033
HD174153	6189	41	4.44	0.05	-0.04	0.03	1.23	0.06	4.13	0.05	4.20	0.05	True	False	False	False	False	allOnce	null	kurucz95	True	0.0003	0.001	0.0033
HD17439 	5743	22	4.42	0.04	0.11	0.02	0.87	0.03	4.29	0.04	4.39	0.04	True	False	False	False	False	allOnce	null	kurucz95	True	0.0003	0.001	0.0033
HD17548 	5988	30	4.40	0.04	-0.51	0.02	0.99	0.06	4.17	0.04	4.25	0.04	True	False	False	False	False	allOnce	null	kurucz95	True	0.0003	0.001	0.0033
HD176354	5335	45	3.94	0.13	0.31	0.04	1.06	0.06	3.96	0.13	4.09	0.13	True	False	False	False	False	allOnce	null	kurucz95	True	0.0003	0.001	0.0033
HD176535	4742	89	4.28	0.15	-0.14	0.06	0.47	0.38	4.54	0.15	4.70	0.16	True	False	False	False	False	allOnce	null	kurucz95	True	0.0003	0.001	0.0033
HD176666	6065	43	4.56	0.05	-0.34	0.03	1.00	0.07	4.30	0.05	4.38	0.05	True	False	False	False	False	allOnce	null	kurucz95	True	0.0003	0.001	0.0033
HD177033	4888	61	4.49	0.27	-0.1	0.06	0.01	0.97	4.69	0.27	4.85	0.27	True	False	False	False	False	allOnce	null	kurucz95	True	0.0003	0.001	0.0033
HD177122	5985	25	4.45	0.04	-0.08	0.02	0.92	0.04	4.22	0.04	4.30	0.04	True	False	False	False	False	allOnce	null	kurucz95	True	0.0003	0.001	0.0033
HD178904	5725	26	4.40	0.04	0.11	0.02	0.96	0.04	4.27	0.04	4.37	0.04	True	False	False	False	False	allOnce	null	kurucz95	True	0.0003	0.001	0.0033
HD179346	6325	64	4.87	0.09	0.01	0.05	1.62	0.11	4.51	0.09	4.57	0.09	True	False	False	False	False	allOnce	null	kurucz95	True	0.0003	0.001	0.0033
HD18001 	5791	21	4.46	0.04	-0.06	0.02	0.85	0.03	4.31	0.04	4.40	0.04	True	False	False	False	False	allOnce	null	kurucz95	True	0.0003	0.001	0.0033
HD18083 	6218	63	4.86	0.06	0.07	0.05	1.47	0.10	4.54	0.06	4.61	0.07	True	False	False	False	False	allOnce	null	kurucz95	True	0.0003	0.001	0.0033
HD181249	4940	50	4.25	0.09	-0.09	0.03	0.30	0.27	4.43	0.09	4.58	0.09	True	False	False	False	False	allOnce	null	kurucz95	True	0.0003	0.001	0.0033
HD181428	6143	29	4.34	0.05	0.07	0.02	1.28	0.03	4.05	0.05	4.12	0.05	True	False	False	False	False	allOnce	null	kurucz95	True	0.0003	0.001	0.0033
HD181720	5786	18	4.19	0.02	-0.52	0.01	1.15	0.03	4.04	0.02	4.14	0.02	True	False	False	False	False	allOnce	null	kurucz95	True	0.0003	0.001	0.0033
HD185283	4895	87	4.33	0.19	-0.03	0.05	0.48	0.32	4.53	0.19	4.68	0.19	True	False	False	False	False	allOnce	null	kurucz95	True	0.0003	0.001	0.0033
HD186302	5686	25	4.43	0.06	-0.01	0.02	0.82	0.04	4.32	0.06	4.42	0.06	True	False	False	False	False	allOnce	null	kurucz95	True	0.0003	0.001	0.0033
HD187760	4651	170	4.41	0.59	-0.28	0.08	0.35	1.30	4.70	0.59	4.87	0.60	False	False	False	False	False	allOnce	null	kurucz95	True	0.001	0.003	0.01
HD18777 	5102	60	4.46	0.19	0.03	0.04	0.60	0.18	4.58	0.19	4.72	0.19	True	False	False	False	False	allOnce	null	kurucz95	True	0.0003	0.001	0.0033
HD188091	5184	54	4.33	0.11	0.11	0.03	0.89	0.11	4.41	0.11	4.55	0.11	True	False	False	False	False	allOnce	null	kurucz95	True	0.0003	0.001	0.0033
HD18822 	5316	43	4.45	0.10	-0.02	0.03	0.89	0.08	4.48	0.10	4.61	0.10	True	False	False	False	False	allOnce	null	kurucz95	True	0.0003	0.001	0.0033
HD18838 	5475	29	4.35	0.04	-0.14	0.02	0.55	0.06	4.32	0.04	4.44	0.04	True	False	False	False	False	allOnce	null	kurucz95	True	0.0003	0.001	0.0033
HD188815	6162	57	4.23	0.04	-0.52	0.04	1.14	0.09	3.93	0.05	4.00	0.05	True	False	False	False	False	allOnce	null	kurucz95	True	0.0003	0.001	0.0033
HD189004	5171	46	4.41	0.11	-0.01	0.03	0.73	0.10	4.50	0.11	4.64	0.11	True	False	False	False	False	allOnce	null	kurucz95	True	0.0003	0.001	0.0033
HD189987	4803	833	4.25	1.26	-0.02	0.82	0.00	38.73	4.48	1.30	4.65	1.32	True	False	False	False	False	allOnce	null	kurucz95	True	0.0003	0.001	0.0033
HD190204	5431	38	4.51	0.10	0.01	0.03	0.86	0.07	4.50	0.10	4.62	0.10	True	False	False	False	False	allOnce	null	kurucz95	True	0.0003	0.001	0.0033
HD190524	5839	26	4.51	0.06	-0.1	0.02	0.85	0.04	4.34	0.06	4.43	0.06	True	False	False	False	False	allOnce	null	kurucz95	True	0.0003	0.001	0.0033
HD190613	5773	20	4.26	0.03	0.01	0.02	0.93	0.03	4.11	0.03	4.21	0.03	True	False	False	False	False	allOnce	null	kurucz95	True	0.0003	0.001	0.0033
HD191033	6218	53	4.52	0.06	-0.17	0.04	1.39	0.09	4.20	0.06	4.27	0.06	True	False	False	False	False	allOnce	null	kurucz95	True	0.0003	0.001	0.0033
HD191285	4696	83	4.32	0.21	-0.25	0.06	0.37	0.52	4.59	0.21	4.76	0.21	True	False	False	False	False	allOnce	null	kurucz95	True	0.0003	0.001	0.0033
HD191797	5014	49	4.38	0.12	-0.08	0.03	0.83	0.11	4.53	0.12	4.68	0.12	True	False	False	False	False	allOnce	null	kurucz95	True	0.0003	0.001	0.0033
HD191902	4741	95	4.17	0.16	-0.14	0.06	0.43	0.44	4.43	0.16	4.59	0.17	True	False	False	False	False	allOnce	null	kurucz95	True	0.0003	0.001	0.0033
HD19230 	5219	46	4.55	0.07	-0.58	0.04	0.26	0.26	4.62	0.07	4.75	0.07	True	False	False	False	False	allOnce	null	kurucz95	True	0.0003	0.001	0.0033
HD192865	6315	48	4.52	0.09	0.14	0.03	1.65	0.06	4.16	0.09	4.22	0.09	True	False	False	False	False	allOnce	null	kurucz95	True	0.0003	0.001	0.0033
HD193406	4711	65	4.27	0.14	-0.37	0.03	0.70	0.22	4.54	0.14	4.71	0.14	True	False	False	False	False	allOnce	null	kurucz95	True	0.0003	0.001	0.0033
HD19423 	5766	28	4.16	0.03	-0.07	0.02	0.97	0.04	4.02	0.03	4.11	0.03	True	False	False	False	False	allOnce	null	kurucz95	True	0.0003	0.001	0.0033
HD194717	5289	37	4.24	0.06	-0.26	0.03	0.45	0.10	4.28	0.06	4.41	0.06	True	False	False	False	False	allOnce	null	kurucz95	True	0.0003	0.001	0.0033
HD195145	5654	21	4.40	0.06	0.20	0.01	0.80	0.03	4.30	0.06	4.41	0.06	True	False	False	False	False	allOnce	null	kurucz95	True	0.0003	0.001	0.0033
HD195200	6223	32	4.44	0.05	-0.06	0.02	1.25	0.04	4.12	0.05	4.19	0.05	True	False	False	False	False	allOnce	null	kurucz95	True	0.0003	0.001	0.0033
HD196384	6675	72	4.83	0.07	-0.09	0.05	1.88	0.14	4.33	0.08	4.37	0.08	True	False	False	False	False	allOnce	null	kurucz95	True	0.0003	0.001	0.0033
HD196397	5424	43	4.36	0.09	0.33	0.03	0.67	0.12	4.35	0.09	4.47	0.09	True	False	False	False	False	allOnce	null	kurucz95	True	0.0003	0.001	0.0033
HD19641 	5818	18	4.37	0.03	0.00	0.01	0.94	0.02	4.21	0.03	4.30	0.03	True	False	False	False	False	allOnce	null	kurucz95	True	0.0003	0.001	0.0033
HD197300	6013	38	4.67	0.05	-0.02	0.03	1.29	0.06	4.43	0.05	4.51	0.05	True	False	False	False	False	allOnce	null	kurucz95	True	0.0003	0.001	0.0033
HD197921	5007	125	4.35	0.23	0.16	0.08	0.58	0.31	4.50	0.24	4.65	0.24	True	False	False	False	False	allOnce	null	kurucz95	True	0.0003	0.001	0.0033
HD1979  	5622	18	4.49	0.06	-0.07	0.01	0.72	0.03	4.40	0.06	4.51	0.06	True	False	False	False	False	allOnce	null	kurucz95	True	0.0003	0.001	0.0033
HD199086	6127	29	4.44	0.08	0.20	0.02	1.16	0.03	4.16	0.08	4.23	0.08	True	False	False	False	False	allOnce	null	kurucz95	True	0.0003	0.001	0.0033
